2001,3,3298.6667,77533.6667,11818.6667,4.0000,15.3333,2.3333,1.0000,0.0000,0.66660000,0.0000,0.0000,0.02210000,0.00233333,0.01716667,0.06280000,0.0000,0.19983333,1.0000,0.03980433320005735,0.09059499949216843
2001,6,150.4000,3951.0000,580.2000,4.6000,5.2000,1.4000,0.4000,0.0000,0.79992000,0.0000,0.0000,0.06040000,0.00408000,0E-8,0.04956000,0.0000,0.17876000,0.0000,0.04484120011329651,0.0464802011847496
2001,7,306.1538,1935.7692,272.7692,11.6154,7.3077,1.3077,0.3077,0.0000,0.70169231,0.0000,0.0000,0.01353846,0.00584615,0E-8,0.04534615,0.1538,0.29522308,0.1538,0.028732461389154196,0.06280276967355838
2001,8,207.3934,8580.6393,1293.0820,8.4098,5.8852,1.0492,1.4426,0.0492,0.71489508,0.0164,0.0000,0.05780656,0.00646557,0.00889836,0.07884590,0.0164,0.28381311,0.1311,0.016471065183887718,0.063436590593125
2001,9,1304.4727,11752.6909,1693.0909,9.8909,8.9455,1.6727,3.0000,0.0182,0.61521455,0.0000,0.0000,0.08268727,0.00758909,0.00895273,0.13373273,0.0364,0.27429273,0.3091,0.06738425376401706,0.061924563204361634
2001,10,1283.3535,6481.8687,921.9495,16.7172,9.6364,1.5960,7.4949,0.2020,0.47799596,0.0202,0.0000,0.05572929,0.00324242,0.01171818,0.08888586,0.0404,0.22767778,0.2020,0.07904191975566474,0.044341949774234585
2001,11,534.4901,5002.2697,741.9474,13.2204,9.7467,1.7533,1.3750,0.0296,0.56848783,0.0033,0.0000,0.07723553,0.00593355,0.01472664,0.08779145,0.0230,0.23272829,0.1382,0.06830726363305555,0.02742380922733757
2001,12,653.0725,1960.5844,292.3570,22.6611,10.1562,1.7796,1.7796,0.0391,0.36950488,0.0014,0.0042,0.08218605,0.00408884,0.01556095,0.08462190,0.0265,0.23007531,0.0809,0.0709032093653954,0.01408909760921563
2002,1,563.4308,1257.3662,193.2215,24.6215,10.4523,1.8831,1.0862,0.0338,0.34372185,0.0000,0.0000,0.06150615,0.00662246,0.01712554,0.07610677,0.0246,0.21361385,0.0092,0.07012805517153958,0.004525529091747907
2002,2,1458.9352,1131.2361,159.6713,18.0972,10.0694,1.7963,2.8009,0.1898,0.41276806,0.0093,0.0046,0.06516528,0.01595093,0.01237176,0.10988009,0.0278,0.16942685,0.0046,0.08187219441040522,0.017892286836825037
2002,3,395.4292,3143.5819,446.7167,20.1139,9.9903,1.7389,1.1514,0.0792,0.32452653,0.0042,0.0000,0.05729653,0.00589222,0.01393417,0.07849708,0.0125,0.16739583,0.0014,0.07181670280616446,0.016428315245300636
2002,4,509.9088,1745.2331,257.2483,21.1723,10.2939,1.7821,1.6334,0.1605,0.38951841,0.0084,0.0000,0.06732145,0.00835236,0.01240963,0.08886639,0.0203,0.16660726,0.0152,0.07481333649313357,0.011499162095542243
2002,5,594.8627,1634.5569,209.1608,25.9490,10.1882,1.7686,1.6784,0.1098,0.35807294,0.0039,0.0000,0.06677373,0.01011176,0.01610275,0.06851294,0.0314,0.16324471,0.0039,0.0676862472227738,0.017973255132343255
2002,6,604.0664,2275.5122,320.5979,23.9056,9.6486,1.6801,1.5944,0.1224,0.32647413,0.0017,0.0000,0.05585664,0.00995087,0.01460944,0.06883759,0.0157,0.21911783,0.0017,0.08676155447557737,0.017852426524183687
2002,7,663.0486,3450.0994,490.0011,25.6791,10.2486,1.7977,2.2373,0.0712,0.11677977,0.0079,0.0011,0.07698271,0.01369209,0.01593785,0.08408949,0.0294,0.17192712,0.0068,0.08104582754516906,0.02011486109356675
2002,8,529.0411,3407.8578,489.1466,24.1833,10.0221,1.8331,1.8963,0.0891,0.03530196,0.0032,0.0006,0.08055525,0.01348470,0.01423869,0.08715487,0.0202,0.17705676,0.0038,0.078142093040684,0.019636053645170345
2002,9,601.7068,2983.7074,422.0397,22.6872,10.4191,1.8595,2.1662,0.0794,0.03438809,0.0031,0.0000,0.08348002,0.01326225,0.01410257,0.09668564,0.0293,0.17270794,0.0037,0.07362053085387489,0.015230280434426601
2002,10,551.9964,2527.0673,360.2188,21.9543,9.9002,1.7764,1.7813,0.0992,0.03156893,0.0072,0.0000,0.09505517,0.01533936,0.01329459,0.09266617,0.0186,0.17475589,0.0078,0.07857177733463826,0.018756182631057945
2002,11,448.7789,2857.9864,404.2341,24.2167,10.0328,1.8514,1.6217,0.0563,0.03385858,0.0012,0.0006,0.08012954,0.01663542,0.01681034,0.08843759,0.0285,0.18281598,0.0074,0.07828834442136702,0.010730546722138133
2002,12,456.0768,2514.5988,350.6929,27.4114,11.2476,1.8893,1.4888,0.0819,0.03672348,0.0051,0.0006,0.07666072,0.01662578,0.01552278,0.08516641,0.0211,0.18771491,0.0064,0.08287258543267523,0.013751064683861855
2003,1,411.4588,3090.9875,440.0466,25.0793,10.1423,1.8439,1.5558,0.0453,0.03151764,0.0017,0.0004,0.08354092,0.02260147,0.01399664,0.09550574,0.0181,0.18566701,0.0043,0.07858251983513907,0.0148461746194628
2003,2,406.2175,2620.6166,374.8996,27.4184,10.1874,1.8399,1.5027,0.0821,0.04083372,0.0049,0.0009,0.08120704,0.02513928,0.01516870,0.09005861,0.0179,0.18347700,0.0081,0.08442069731565034,0.014000838552236206
2003,3,392.5749,2566.0218,357.1136,23.2739,10.2031,1.8226,1.5435,0.0629,0.03784600,0.0035,0.0000,0.08588488,0.02293552,0.01475941,0.09753879,0.0179,0.18176540,0.0035,0.07781614004892173,0.012750940110768176
2003,4,406.4854,2723.5802,380.9344,20.4831,9.9129,1.8355,1.5843,0.0679,0.03861901,0.0027,0.0005,0.08009412,0.02821363,0.01435684,0.09396809,0.0146,0.19403842,0.0096,0.07697672026297998,0.019995669599681066
2003,5,500.4361,2600.1351,364.8187,21.5988,9.9261,1.8160,1.8812,0.0802,0.03607705,0.0063,0.0007,0.08869411,0.03328819,0.01382076,0.09622618,0.0213,0.18939750,0.0083,0.07077466641806683,0.016206568171277472
2003,6,351.6142,2495.1517,346.9288,20.5272,9.9127,1.8418,1.5056,0.0719,0.03534824,0.0079,0.0007,0.10498059,0.03612047,0.01425354,0.10019370,0.0216,0.19286450,0.0041,0.08040834584128964,0.02001761251099877
2003,7,484.2481,2310.8662,320.0327,17.6535,9.8620,1.8148,1.7670,0.1014,0.03847877,0.0008,0.0006,0.09319712,0.03154118,0.01255208,0.09976720,0.0190,0.20277837,0.0036,0.07177922753958624,0.014407291742749241
2003,8,533.5548,2652.1118,376.9793,19.5737,9.9160,1.8765,2.1060,0.1272,0.04173209,0.0016,0.0003,0.10516543,0.03424452,0.01164412,0.11355145,0.0181,0.19488856,0.0073,0.06650683470943249,0.01577924679383405
2003,9,549.8644,2367.1455,325.4032,18.2678,10.0838,1.8984,1.7950,0.1574,0.02863791,0.0025,0.0003,0.08927030,0.03395864,0.01293627,0.09662695,0.0272,0.19144134,0.0082,0.07469357997218316,0.015528573055639821
2003,10,648.1973,2499.5596,342.2094,18.9920,10.3739,1.9337,2.0606,0.1293,0.02771538,0.0035,0.0003,0.09141186,0.03409944,0.01298808,0.09732032,0.0260,0.19146149,0.0092,0.07316334586831141,0.016868160547920952
2003,11,579.7300,2381.4203,332.7968,18.2840,10.2614,1.8921,2.0607,0.1247,0.02498188,0.0017,0.0004,0.09303041,0.03527319,0.01226186,0.09882800,0.0176,0.19388063,0.0076,0.07552381283850784,0.017070985798231852
2003,12,537.5392,1945.0111,258.4373,17.3559,10.2767,1.9283,2.3015,0.0931,0.02463468,0.0024,0.0002,0.09274461,0.03595815,0.01254731,0.10081351,0.0201,0.19441823,0.0137,0.0734496000951542,0.010418689368763803
2004,1,519.5556,1856.7826,260.7560,15.9435,10.4352,1.9372,2.0445,0.0999,0.02386466,0.0023,0.0000,0.08898418,0.03899733,0.01208531,0.10025874,0.0210,0.19080461,0.0032,0.07930350176345302,0.012628984643792177
2004,2,489.5641,1710.4364,240.8903,17.6107,10.2942,1.9044,2.2320,0.0958,0.02697300,0.0025,0.0003,0.09559862,0.03967568,0.01246177,0.10224960,0.0193,0.19096636,0.0054,0.07690054115509631,0.015332053814748857
2004,3,519.2688,1884.6107,263.7650,18.0240,10.4418,1.8862,1.9863,0.1223,0.04053595,0.0013,0.0005,0.08946848,0.03582683,0.01225540,0.10517679,0.0222,0.19451658,0.0053,0.07801376310262959,0.013983928829559513
2004,4,516.4187,1854.1877,261.2337,18.4794,10.4111,1.8928,1.9427,0.1043,0.04980628,0.0017,0.0004,0.09725694,0.03739990,0.01151383,0.10621222,0.0229,0.18806491,0.0052,0.07045902736374919,0.0137486598321845
2004,5,516.1985,1851.5352,259.8077,20.6149,10.2570,1.8449,1.8784,0.1620,0.05506872,0.0017,0.0004,0.09202767,0.03872108,0.01264842,0.10694854,0.0210,0.20266117,0.0044,0.06880128978788441,0.012802361494128781
2004,6,593.0691,2423.3691,337.0501,24.2206,10.3179,1.8907,2.5978,0.1282,0.07660761,0.0024,0.0003,0.09126790,0.03789221,0.01108331,0.11011278,0.0214,0.19437987,0.0040,0.07004270680801349,0.01720895879712833
2004,7,631.4744,1502.1298,211.4375,25.9502,10.5132,1.9480,2.3172,0.1413,0.07765128,0.0038,0.0007,0.09662969,0.03768890,0.01179236,0.10511889,0.0206,0.19208692,0.0079,0.07907788568440369,0.012652401205752506
2004,8,652.1543,1654.5984,234.7870,25.2858,10.5514,1.9422,2.3116,0.1499,0.07762455,0.0020,0.0014,0.09658177,0.03747782,0.01193208,0.10727874,0.0179,0.19308516,0.0064,0.07252007693811592,0.011406449346520374
2004,9,581.5233,1343.0241,185.8047,24.3622,10.4786,1.9510,2.2677,0.1372,0.08708211,0.0027,0.0018,0.09563821,0.03744070,0.01196174,0.10965516,0.0237,0.19265702,0.0086,0.07269129434270138,0.011219399990700693
2004,10,560.2236,1568.3159,219.4815,25.1244,10.3608,1.9040,2.2054,0.1534,0.09245685,0.0023,0.0015,0.09538790,0.03841694,0.01128111,0.11086438,0.0204,0.19839020,0.0069,0.07299466703998538,0.013752656522717444
2004,11,640.8735,1350.9255,188.3967,24.3801,10.4237,1.9067,2.2665,0.1640,0.09641921,0.0047,0.0012,0.09174863,0.03692931,0.01180674,0.10699032,0.0224,0.19603499,0.0108,0.07260173030169291,0.011979238504165428
2004,12,620.0812,1426.4133,198.9688,23.6125,10.1366,1.8641,2.2254,0.1517,0.10633402,0.0028,0.0007,0.09382047,0.03680367,0.01156463,0.11515604,0.0217,0.20326215,0.0076,0.0694799657354242,0.013694224101463929
2005,1,612.7158,1034.1264,144.6853,25.2685,10.4899,1.9222,2.2362,0.1605,0.10637038,0.0027,0.0007,0.08998746,0.04149228,0.01137153,0.11263975,0.0222,0.19807075,0.0093,0.06730603869583729,0.010823810281592757
2005,2,667.1709,1278.6567,177.4789,25.9624,10.3859,1.9120,2.3009,0.1652,0.10715830,0.0038,0.0006,0.09261750,0.03890048,0.01137614,0.11107130,0.0220,0.19305002,0.0087,0.0705891722140793,0.012002379579981697
2005,3,651.0946,1292.2513,180.6946,27.4459,10.3790,1.8947,2.3876,0.1514,0.10812064,0.0033,0.0019,0.09320661,0.04219841,0.01122984,0.10854280,0.0187,0.20108335,0.0080,0.06646586883433411,0.011270054023368075
2005,4,716.8689,1129.8031,161.0809,27.4884,10.3665,1.9033,2.4132,0.1553,0.11268801,0.0038,0.0023,0.09193834,0.03717422,0.01169943,0.10803290,0.0171,0.19881728,0.0069,0.0721964020468291,0.01031217476612805
2005,5,631.1071,1218.1821,171.9828,27.3244,10.3214,1.8868,2.2072,0.1484,0.10865444,0.0057,0.0015,0.09232993,0.03850685,0.01147113,0.11063529,0.0177,0.19552481,0.0078,0.06838554114658423,0.012529292975319076
2005,6,666.5606,1322.3006,184.1582,26.1148,10.1645,1.8782,2.4443,0.2037,0.10901708,0.0058,0.0019,0.09254022,0.03899711,0.01115941,0.11201374,0.0208,0.19223302,0.0123,0.06621138770422046,0.011825455675676994
2005,7,665.5400,1003.8949,141.3567,27.6012,10.1651,1.8695,2.4718,0.1693,0.11254325,0.0026,0.0008,0.09188746,0.03900270,0.01113091,0.10852817,0.0218,0.18953416,0.0117,0.06963629345366058,0.010272327250087884
2005,8,709.1657,1137.0995,158.8723,27.8768,9.9422,1.8228,2.3959,0.1795,0.11873604,0.0036,0.0009,0.08926735,0.04080849,0.01054748,0.11107637,0.0222,0.19198467,0.0124,0.06417489657825821,0.012390989163160442
2005,9,647.6229,1240.8664,173.2899,26.9927,10.7594,1.8564,2.2179,0.1735,0.10492094,0.0033,0.0009,0.09515040,0.03319336,0.01024784,0.10952712,0.0190,0.18134354,0.0110,0.06308270197548502,0.013840035956028462
2005,10,729.2263,1259.7209,174.2092,27.1861,10.1615,1.8445,2.5509,0.1821,0.10971865,0.0042,0.0010,0.09453760,0.03481809,0.01036024,0.11282598,0.0196,0.18815105,0.0102,0.06581322605472151,0.0133025814504409
2005,11,726.4212,1099.7612,155.1673,29.0467,10.2387,1.8501,2.4704,0.1824,0.11072144,0.0036,0.0009,0.08714468,0.03567450,0.01060752,0.10591642,0.0204,0.18926565,0.0105,0.06833352142199312,0.013105245103311727
2005,12,694.8305,1082.8721,146.3605,28.9229,10.1956,1.8319,2.4501,0.1855,0.12055279,0.0035,0.0010,0.09537223,0.03588269,0.01040227,0.10998770,0.0200,0.18738931,0.0134,0.06563631061912542,0.011311060114057874
2006,1,591.0647,994.9645,137.5465,29.3118,10.2543,1.8201,2.1719,0.1539,0.11616225,0.0046,0.0006,0.09415714,0.03565043,0.00995679,0.11223602,0.0178,0.18555795,0.0105,0.07033576181725257,0.01312581196972818
2006,2,814.3650,1354.4544,192.7559,31.4676,10.1835,1.8340,2.9072,0.2180,0.11780300,0.0034,0.0011,0.09570072,0.03593379,0.00989231,0.11138166,0.0200,0.19133100,0.0124,0.06724854382025319,0.012814995572998625
2006,3,618.1306,917.2119,123.7166,31.2261,10.1979,1.8373,2.2808,0.1792,0.11683679,0.0040,0.0018,0.10706071,0.03421862,0.00984704,0.11332141,0.0188,0.18892579,0.0092,0.06448554995546214,0.012000557206800266
2006,4,655.8627,1010.9277,141.7471,30.6314,10.2054,1.8092,2.4084,0.1967,0.11897597,0.0039,0.0012,0.10438460,0.03292901,0.00935323,0.11769889,0.0184,0.18481284,0.0101,0.06021845106024749,0.013602170438974735
2006,5,564.3691,798.5402,109.2471,31.0898,10.0960,1.7345,2.1154,0.1709,0.11313001,0.0059,0.0007,0.12887138,0.03175407,0.00856746,0.12369858,0.0164,0.18220658,0.0087,0.057912508533759614,0.01292011863902439
2006,6,588.4260,826.5231,114.7727,29.9768,10.3077,1.7727,2.1072,0.1628,0.11945963,0.0043,0.0012,0.10707608,0.03223531,0.00871948,0.12392364,0.0167,0.18066349,0.0105,0.05800811806889434,0.011305123586541083
2006,7,495.0778,817.2112,111.8903,30.7609,10.5516,1.7393,1.8016,0.1253,0.11983256,0.0044,0.0012,0.11586437,0.02836628,0.00740123,0.13334489,0.0134,0.16999085,0.0100,0.05075906302203479,0.01259623847046232
2006,8,563.8196,715.0334,96.2533,29.3455,10.3653,1.7908,2.0848,0.1490,0.11127770,0.0030,0.0012,0.10555189,0.02931277,0.00750971,0.12888211,0.0143,0.17404508,0.0097,0.0520044593851987,0.012060161722598816
2006,9,509.6576,590.2607,80.0456,30.2867,10.4227,1.7863,1.8628,0.1397,0.10807572,0.0028,0.0009,0.11013644,0.02778194,0.00723416,0.12685423,0.0133,0.17140930,0.0122,0.04968200508862847,0.009799540508472223
2006,10,570.2015,665.2673,91.7592,34.6953,10.1731,1.7712,2.0110,0.1424,0.11869993,0.0028,0.0012,0.10597511,0.02622974,0.00710814,0.13306506,0.0141,0.17027791,0.0126,0.04759874723489288,0.011432364447839714
2006,11,611.8755,722.7281,99.5590,33.4374,10.1200,1.7971,2.3117,0.1580,0.11297664,0.0028,0.0011,0.10867091,0.02785143,0.00732843,0.12843617,0.0151,0.17392199,0.0113,0.04952235337451356,0.011834992206000159
2006,12,525.3622,742.3690,102.2016,35.9913,10.1937,1.7408,1.8497,0.1333,0.12006457,0.0022,0.0011,0.10997767,0.02355663,0.00632854,0.13661379,0.0136,0.16908737,0.0098,0.04205468496384346,0.010229762410037395
2007,1,464.5199,645.2664,90.1505,35.1747,10.0872,1.7865,1.6355,0.1245,0.11320957,0.0020,0.0010,0.10965588,0.02320339,0.00612278,0.13527279,0.0125,0.16570181,0.0109,0.04059613619028215,0.009615848383298023
2007,2,502.6770,492.4072,65.0932,36.3966,9.9663,1.7467,1.7724,0.1267,0.10767729,0.0020,0.0011,0.11406821,0.02414813,0.00615659,0.13462722,0.0130,0.17884959,0.0131,0.04136547582389936,0.008888015336868527
2007,3,447.8904,564.6351,75.5055,41.1407,10.0064,1.7823,1.6024,0.1213,0.10963916,0.0018,0.0009,0.11761106,0.02123805,0.00535665,0.14368449,0.0117,0.17098186,0.0110,0.03265766820122367,0.008791809894964354
2007,4,530.3452,465.9654,64.4288,38.0530,9.9192,1.7811,1.9254,0.1357,0.10785476,0.0033,0.0013,0.11320197,0.02420967,0.00582912,0.13774274,0.0132,0.17045882,0.0138,0.03975934998676263,0.008259464186317548
2007,5,467.1774,591.3302,79.3495,39.9009,9.9205,1.7681,1.7143,0.1166,0.10624266,0.0022,0.0010,0.11439872,0.02098941,0.00497550,0.13794425,0.0127,0.16744552,0.0127,0.03354710199258194,0.009684843973327044
2007,6,416.5658,440.2253,58.4696,43.4523,9.8213,1.8020,1.4890,0.1064,0.10903682,0.0021,0.0008,0.10103366,0.01998801,0.00478995,0.13803523,0.0108,0.16654057,0.0107,0.03157141765626394,0.007702708959220159
2007,7,423.0437,474.5641,64.0587,37.4440,9.9361,1.7493,1.4883,0.1121,0.10455470,0.0017,0.0011,0.10283836,0.02117452,0.00481428,0.14009548,0.0107,0.15523017,0.0124,0.033177242940587104,0.006933989270782707
2007,8,399.0898,461.3702,63.0435,37.0267,9.8268,1.7927,1.3800,0.1010,0.09919807,0.0018,0.0010,0.11059085,0.02011498,0.00465900,0.14163179,0.0110,0.15606837,0.0090,0.03213800358905976,0.006617938768767148
2007,9,528.4331,555.1857,75.7250,37.1156,10.1975,1.7689,1.8197,0.1386,0.10455177,0.0017,0.0013,0.11953568,0.02088589,0.00545163,0.13920874,0.0135,0.16521391,0.0138,0.03457946230723818,0.008488476413291365
2007,10,514.8914,626.2143,83.5780,39.5890,10.0949,1.7671,1.8255,0.1336,0.10939141,0.0017,0.0008,0.11948434,0.02015330,0.00521051,0.14019774,0.0122,0.16301710,0.0134,0.03376980806762652,0.01100108576103196
2007,11,494.8275,587.9774,79.5637,38.7353,10.2439,1.7780,1.8321,0.1341,0.10859494,0.0016,0.0007,0.12506937,0.01976145,0.00507483,0.14093731,0.0113,0.15827631,0.0111,0.03499036500516528,0.009139232722863185
2007,12,457.3944,572.8908,75.5283,42.3825,10.2311,1.7723,1.8381,0.1176,0.11036949,0.0014,0.0009,0.12329320,0.01882335,0.00471585,0.14604263,0.0121,0.14935254,0.0095,0.03268977777639874,0.008720158828751566
2008,1,531.3642,557.7192,75.0261,39.8453,10.0280,1.7778,2.1887,0.1438,0.11154034,0.0016,0.0008,0.12046853,0.02066002,0.00528381,0.14101685,0.0129,0.16299924,0.0122,0.03729348654724784,0.00900116161153616
2008,2,545.8717,619.9090,85.3071,39.1630,9.8916,1.7592,2.3219,0.1431,0.10438407,0.0017,0.0008,0.11366837,0.01956748,0.00494279,0.13831075,0.0128,0.17152048,0.0140,0.03336522265307315,0.008931366054222243
2008,3,520.6307,548.4913,74.4158,41.1534,10.0613,1.7566,2.1255,0.1337,0.10180484,0.0022,0.0009,0.12068511,0.01833756,0.00451528,0.14377618,0.0113,0.15935359,0.0114,0.0369692535697064,0.007222534675571961
2008,4,529.6300,547.9940,75.1533,41.7371,10.0478,1.7278,2.1715,0.1346,0.10152205,0.0020,0.0009,0.12101519,0.01846677,0.00464024,0.14554100,0.0132,0.15680295,0.0119,0.03338748590215668,0.007320540120031806
2008,5,510.7362,548.0739,73.6402,41.7185,10.0410,1.6836,2.1375,0.1371,0.10001654,0.0019,0.0011,0.12440208,0.01812801,0.00436509,0.14530405,0.0115,0.16197745,0.0111,0.03419169083210573,0.007660484762507052
2008,6,414.7942,469.4470,61.5721,45.8171,9.5713,1.7079,1.7093,0.1125,0.10659049,0.0025,0.0009,0.11150649,0.01614347,0.00390156,0.14189016,0.0095,0.14974987,0.0129,0.023705595024158536,0.006401048621135865
2008,7,480.0174,605.4702,81.0551,40.4946,9.7743,1.7385,1.9869,0.1365,0.09961403,0.0033,0.0018,0.12689857,0.01855857,0.00444936,0.14534530,0.0112,0.15412099,0.0126,0.029706859761972144,0.00697060226588493
2008,8,397.7286,514.1979,64.7769,47.5392,9.7944,1.7137,1.6827,0.1098,0.10592629,0.0023,0.0013,0.11578177,0.01713767,0.00397333,0.14121090,0.0097,0.15531350,0.0104,0.03029947643834051,0.006517543022280564
2008,9,506.4995,562.8268,74.8885,46.1491,10.0008,1.7667,2.1313,0.1560,0.10720901,0.0027,0.0011,0.11266712,0.01881246,0.00445795,0.13659330,0.0116,0.15744811,0.0119,0.030904850257778338,0.008296608598995656
2008,10,616.2275,582.3813,78.5065,45.2213,9.7823,1.7268,2.5873,0.1704,0.10923637,0.0024,0.0013,0.11218640,0.02089610,0.00498973,0.13296005,0.0134,0.17478011,0.0140,0.034240823520389346,0.007992693514682797
2008,11,603.1265,466.7437,62.1723,44.0636,10.1655,1.7295,2.5819,0.1597,0.11179056,0.0037,0.0007,0.11699191,0.02058994,0.00476091,0.13743011,0.0135,0.16043645,0.0167,0.03563185845045184,0.007483232161436567
2008,12,480.9529,494.0512,65.0704,50.7160,10.0865,1.7787,1.9994,0.1230,0.11804179,0.0026,0.0008,0.12583591,0.01669175,0.00413734,0.14591840,0.0108,0.14839012,0.0104,0.029989350944615394,0.006463640215844141
2009,1,563.9766,648.9668,85.7618,44.5401,9.8418,1.7417,2.4268,0.1575,0.11350655,0.0028,0.0011,0.12155001,0.02045919,0.00493763,0.13740080,0.0137,0.16881514,0.0103,0.03482204563701368,0.007304741909700455
2009,2,518.9241,466.9801,61.3979,45.3270,9.6361,1.7174,2.2566,0.1429,0.11097936,0.0020,0.0010,0.11719333,0.01990977,0.00480233,0.13450719,0.0134,0.17353726,0.0128,0.03179847348977576,0.007179332400881356
2009,3,505.6032,487.6606,64.6250,49.3934,9.6862,1.7097,2.1141,0.1385,0.11335955,0.0022,0.0006,0.12136944,0.01750674,0.00395871,0.13684098,0.0115,0.16427010,0.0100,0.027155585933376025,0.006852672499427976
2009,4,506.2737,511.2206,66.4609,43.3021,9.9535,1.7346,2.2905,0.1405,0.10731415,0.0018,0.0005,0.11242777,0.01873800,0.00448913,0.13716353,0.0122,0.16981388,0.0136,0.030876764309974238,0.007547196979533252
2009,5,467.6326,468.5348,61.5415,49.7938,9.5981,1.7127,2.0041,0.1328,0.11418091,0.0024,0.0007,0.11383957,0.01793868,0.00427523,0.14098868,0.0107,0.16577583,0.0121,0.029043274290796322,0.006795866338091777
2009,6,468.5755,567.5132,75.4143,45.8384,9.5480,1.6931,1.9941,0.1361,0.11710789,0.0027,0.0006,0.11917321,0.01906453,0.00456696,0.13706664,0.0106,0.17233109,0.0095,0.03183180534206968,0.007228119357799955
2009,7,480.3687,643.8203,86.7180,42.7067,9.6261,1.7287,2.0262,0.1465,0.11032422,0.0020,0.0008,0.11958250,0.02103075,0.00496549,0.13756129,0.0113,0.17333271,0.0099,0.03409346257518708,0.00880842252369254
2009,8,399.1546,494.7068,64.7114,45.5269,9.7629,1.7523,1.7061,0.1260,0.11139957,0.0023,0.0007,0.11845826,0.02128216,0.00478816,0.13627279,0.0100,0.16400246,0.0115,0.033140939787276696,0.007114140071624485
2009,9,451.7242,546.7350,71.6909,43.5025,9.8360,1.7235,1.8868,0.1343,0.11172963,0.0016,0.0007,0.12135233,0.01951259,0.00440874,0.13314074,0.0103,0.16676122,0.0098,0.03107019919717018,0.0071117659189663535
2009,10,446.8826,249.9762,34.1451,40.6974,9.8319,1.7836,1.9716,0.1392,0.11008184,0.0021,0.0009,0.09294492,0.02240902,0.00569977,0.12864554,0.0111,0.16977929,0.0137,0.03512081113926372,0.004481850279152192
2009,11,479.5778,381.5816,51.1847,42.0421,10.0713,1.7825,2.0045,0.1430,0.10827908,0.0016,0.0008,0.09715986,0.02294198,0.00533449,0.13134669,0.0114,0.16724371,0.0153,0.034082192709839455,0.006405098243197575
2009,12,500.5563,442.9549,61.4722,41.6145,9.7696,1.7461,2.0810,0.1451,0.10742449,0.0027,0.0006,0.10404736,0.02289366,0.00524604,0.13044127,0.0129,0.16719219,0.0124,0.03464133146491077,0.005307892321906757
2010,1,636.4854,841.1453,114.2216,45.7945,9.7272,1.7155,2.5377,0.1757,0.11020275,0.0021,0.0004,0.11580759,0.02138964,0.00472570,0.13602409,0.0123,0.16292941,0.0104,0.030388027457389777,0.007041123810938455
2010,2,641.4303,824.6290,114.7827,44.4059,9.4573,1.6627,2.5414,0.1884,0.11473494,0.0019,0.0003,0.10389852,0.02015604,0.00468465,0.12638432,0.0125,0.17725715,0.0160,0.030460415535701935,0.005531878462577508
2010,3,539.7200,682.9818,91.2063,42.8004,9.4046,1.6821,2.1743,0.1621,0.12523300,0.0017,0.0009,0.11356454,0.01791759,0.00426182,0.15493365,0.0113,0.16582668,0.0131,0.027855092015559333,0.007238225762654194
2010,4,401.7209,428.0447,55.5683,44.2688,9.7306,1.7202,1.7563,0.1132,0.10888218,0.0023,0.0008,0.11493277,0.02051790,0.00436943,0.13766803,0.0116,0.17251651,0.0139,0.028495565565736212,0.005393454466784116
2010,5,389.5440,529.0340,68.3191,42.9750,9.7935,1.7323,1.6719,0.1377,0.10840071,0.0022,0.0004,0.11672004,0.01956569,0.00408962,0.14019096,0.0097,0.16156719,0.0136,0.028113527773151785,0.006395307523552577
2010,6,416.0603,523.0232,69.2982,46.3678,8.9392,1.5655,1.7902,0.1327,0.10642920,0.0019,0.0006,0.10793804,0.01827932,0.00417088,0.12302395,0.0100,0.23338090,0.0100,0.027535961362781594,0.004022162829426427
2010,7,359.3418,670.2314,90.0319,41.9953,9.9931,1.7703,1.4408,0.1122,0.11792242,0.0017,0.0006,0.11410577,0.02028909,0.00389836,0.14517237,0.0088,0.14696124,0.0098,0.025462259565362463,0.005100658609520027
2010,8,343.3630,481.2677,62.6189,42.7803,9.4723,1.6942,1.4350,0.1043,0.12507146,0.0047,0.0004,0.10941967,0.01717432,0.00395133,0.14080581,0.0084,0.15499522,0.0092,0.026389104101660947,0.004396561236572979
2010,9,373.7866,591.6987,78.0509,44.6930,9.8032,1.7146,1.5642,0.1195,0.12073400,0.0016,0.0008,0.11246767,0.01800653,0.00397763,0.14408287,0.0084,0.16061135,0.0105,0.026484733561565468,0.004180198731909476
2010,10,272.9737,484.9466,57.8578,40.8314,9.2258,1.5307,1.1537,0.0837,0.13439031,0.0013,0.0005,0.11554355,0.01515802,0.00315923,0.13818756,0.0067,0.18393581,0.0071,0.02232523743529057,0.005943705942184309
2010,11,316.8832,482.2459,60.6802,42.7289,9.4005,1.6163,1.3490,0.1032,0.12586342,0.0014,0.0006,0.11578234,0.01795353,0.00365108,0.13549429,0.0084,0.17250044,0.0095,0.024872298042867377,0.005874316856454044
2010,12,330.9136,418.1634,51.7909,40.1034,9.6567,1.6698,1.4575,0.1029,0.11866790,0.0015,0.0005,0.11222506,0.01742472,0.00378868,0.13642732,0.0085,0.16190062,0.0087,0.02750017143781986,0.0051212881565808
2011,1,292.6988,304.0486,37.8270,41.5848,9.7073,1.7272,1.2669,0.1015,0.11738260,0.0013,0.0007,0.11449710,0.01779782,0.00396228,0.13735773,0.0071,0.15699294,0.0102,0.025489491882553755,0.0033696926192843557
2011,2,309.7736,398.6612,50.8047,39.8162,9.9001,1.7667,1.3237,0.1004,0.09596547,0.0022,0.0006,0.11245530,0.01666796,0.00368800,0.13565066,0.0088,0.14798738,0.0095,0.02507864151932126,0.004463531805720925
2011,3,368.4457,448.4079,58.1638,41.2160,9.8481,1.7642,1.5869,0.1134,0.10286174,0.0018,0.0009,0.11019064,0.02042144,0.00444211,0.13309720,0.0095,0.15314066,0.0097,0.030020348440814443,0.0038584009549026683
2011,4,392.0875,439.8004,56.4140,42.8555,9.9774,1.7702,1.6628,0.1396,0.10673756,0.0017,0.0009,0.11083569,0.02099672,0.00464671,0.13252099,0.0103,0.16059128,0.0115,0.031098920179128846,0.004859787770106302
2011,5,357.8348,475.4919,60.8565,42.1154,9.8614,1.7675,1.5724,0.1176,0.10909125,0.0015,0.0011,0.11562250,0.02193058,0.00446340,0.13577491,0.0091,0.15567013,0.0122,0.02936649565314159,0.00452605522546938
2011,6,369.4844,493.2063,63.4655,45.4420,9.8690,1.7687,1.5531,0.1105,0.11303216,0.0013,0.0009,0.11467195,0.01946800,0.00422641,0.13512527,0.0104,0.15736441,0.0138,0.028017282489287424,0.004280771970749181
2011,7,318.5277,412.0676,52.3033,42.9055,9.6107,1.7112,1.3962,0.1094,0.11629270,0.0012,0.0008,0.11048099,0.01854947,0.00386211,0.13829102,0.0080,0.15916788,0.0170,0.02297102470322329,0.0033839525302936466
2011,8,285.8370,350.3155,43.0339,40.1020,9.5939,1.7422,1.1985,0.0995,0.11101816,0.0012,0.0005,0.11543959,0.01699370,0.00355862,0.14161627,0.0078,0.14607750,0.0090,0.023466916934302435,0.003921204934964318
2011,9,325.6012,396.1851,49.6724,45.7821,9.6971,1.7394,1.3365,0.1105,0.11506524,0.0014,0.0007,0.10939869,0.01740647,0.00375057,0.13625765,0.0085,0.14912186,0.0090,0.026130505930645826,0.004346259515039671
2011,10,278.1338,383.6811,49.1650,51.1031,9.6667,1.7587,1.1754,0.0860,0.11243813,0.0009,0.0010,0.09572448,0.01724976,0.00354545,0.13527205,0.0068,0.13777816,0.0129,0.024459407642916906,0.0038296786436888856
2011,11,322.5137,380.4434,47.2613,44.3700,9.5995,1.7273,1.3317,0.0936,0.11232263,0.0013,0.0006,0.10677506,0.01801063,0.00392921,0.13696862,0.0078,0.15284121,0.0101,0.026090220007874268,0.004361688453391308
2011,12,313.8471,426.3038,52.9625,40.8121,9.8897,1.7593,1.3212,0.0972,0.10880825,0.0011,0.0005,0.10828432,0.01837554,0.00393286,0.13766985,0.0072,0.15024585,0.0091,0.02705343735424208,0.005895106395935209
2012,1,296.3596,416.7946,52.8004,41.3487,9.8144,1.7369,1.2363,0.1019,0.10214521,0.0010,0.0006,0.11517030,0.01766658,0.00381194,0.13959983,0.0070,0.15174435,0.0089,0.02634644455355061,0.004994628409569095
2012,2,323.8784,399.9426,51.2540,45.3094,9.8403,1.7292,1.3632,0.1058,0.10507910,0.0015,0.0005,0.10842654,0.01774442,0.00372604,0.13682456,0.0074,0.14845900,0.0100,0.026257388767396413,0.005859603078347557
2012,3,280.8557,384.2098,46.2425,42.4442,9.8189,1.7427,1.1642,0.0890,0.10290945,0.0011,0.0005,0.10335077,0.01645585,0.00321606,0.14079584,0.0067,0.14500769,0.0087,0.02277987894161508,0.004494345486583124
2012,4,252.5649,401.1037,48.8735,42.9102,9.4749,1.6629,1.0096,0.0785,0.10909765,0.0009,0.0003,0.10881648,0.01637389,0.00272110,0.14272170,0.0059,0.15166413,0.0079,0.01958051340230599,0.0040938563173518044
2012,5,181.7213,275.3540,33.3060,54.7366,9.5922,1.7698,0.6831,0.0527,0.13635284,0.0005,0.0009,0.10169029,0.01135701,0.00205193,0.14826243,0.0042,0.14397892,0.0060,0.014355609122781957,0.002727767671773077
2012,6,278.9201,389.1525,49.1280,45.5000,9.8181,1.7200,1.2369,0.0886,0.10878266,0.0009,0.0010,0.11031420,0.01775547,0.00361865,0.13915763,0.0071,0.15015835,0.0076,0.023833495009598672,0.002925561307078958
2012,7,300.8305,379.9451,47.2107,42.6443,9.7431,1.6721,1.3150,0.0915,0.10700221,0.0008,0.0010,0.11397239,0.01933697,0.00373781,0.13190264,0.0080,0.17277945,0.0092,0.02507340373844157,0.0033521306265814773
2012,8,285.3905,373.0515,46.6629,44.1036,10.0338,1.7044,1.1719,0.0942,0.11386752,0.0011,0.0005,0.11130615,0.01662013,0.00330701,0.13531318,0.0093,0.14110945,0.0085,0.021234769405223824,0.0031537729794796354
2012,9,239.6197,307.0530,37.7235,50.0504,9.0163,1.5243,1.0204,0.0802,0.12020308,0.0007,0.0007,0.09060467,0.01542636,0.00292525,0.12431559,0.0068,0.22255882,0.0084,0.018539280855083287,0.0012200016334040422
2012,10,243.2848,292.3612,36.3612,43.8811,8.5888,1.5097,0.9947,0.0833,0.11955380,0.0011,0.0006,0.09227406,0.01566532,0.00278678,0.12313700,0.0072,0.20874451,0.0069,0.019020603384409022,0.0035121001148092352
2012,11,303.2917,393.4679,51.2359,43.8245,9.7687,1.7217,1.2671,0.0970,0.10328335,0.0015,0.0010,0.11132867,0.01853051,0.00338486,0.13772641,0.0078,0.14717813,0.0099,0.023364320473808105,0.0038233702150787343
2012,12,300.9076,415.0292,52.4707,46.9832,9.5194,1.6659,1.2624,0.1065,0.10623153,0.0011,0.0006,0.10656444,0.01831668,0.00356045,0.13373859,0.0070,0.16163124,0.0098,0.024232778909448752,0.005121932351805861
2013,1,311.4855,368.9728,46.1761,44.4350,9.7196,1.7158,1.3517,0.1151,0.11098925,0.0012,0.0007,0.11129832,0.02019722,0.00408771,0.13412664,0.0084,0.15040739,0.0091,0.02745357489266543,0.004388774088535787
2013,2,303.3754,335.8140,42.4162,41.4589,9.6383,1.7121,1.3109,0.0990,0.10543583,0.0010,0.0007,0.11025989,0.01817255,0.00390453,0.13331339,0.0084,0.14481696,0.0089,0.026235762741241113,0.003914040667307718
2013,3,267.5134,355.3046,44.1780,44.0010,9.7368,1.6736,1.1079,0.0881,0.10525488,0.0010,0.0009,0.10824424,0.01952719,0.00358873,0.13350914,0.0068,0.14728222,0.0082,0.022518758295275467,0.003924426877621046
2013,4,319.0887,396.6841,50.1647,45.0201,10.1195,1.7430,1.3822,0.1121,0.10993133,0.0011,0.0007,0.10934214,0.02105259,0.00414835,0.13445452,0.0085,0.14873236,0.0093,0.027952990276532523,0.003640024358924275
2013,5,345.9360,520.7235,67.0586,43.2937,9.9925,1.7447,1.4661,0.1106,0.10217590,0.0010,0.0005,0.11382734,0.02120347,0.00406513,0.13761238,0.0141,0.15503583,0.0118,0.02665984826274965,0.00415265024176017
2013,6,293.3449,363.2283,45.0119,45.5321,9.8652,1.7206,1.2260,0.0915,0.10953294,0.0038,0.0005,0.11642742,0.02068848,0.00353637,0.13654713,0.0077,0.14699967,0.0093,0.024750847749768826,0.003504325916890051
2013,7,205.9181,305.5952,37.9780,41.0162,8.0044,1.4118,0.8807,0.0728,0.12971320,0.0007,0.0004,0.09060000,0.01535511,0.00272563,0.11060518,0.0057,0.13076337,0.0072,0.01788552083477648,0.003201416565757238
2013,8,283.8846,349.1297,42.5004,43.4965,9.4274,1.6620,1.2147,0.1042,0.11797562,0.0036,0.0006,0.10310583,0.01820148,0.00350450,0.13197511,0.0074,0.14478496,0.0085,0.023286569373577776,0.0030993762522734734
2013,9,312.7878,349.6225,43.9472,45.1658,9.6250,1.6866,1.2802,0.1174,0.10677845,0.0012,0.0006,0.11795034,0.02078576,0.00378293,0.13132268,0.0087,0.15141935,0.0088,0.023789730509004195,0.0028741744275998025
2013,10,270.4714,206.1054,24.2656,43.1381,9.8895,1.7868,1.0866,0.0980,0.11643876,0.0012,0.0006,0.10259246,0.01728571,0.00347374,0.13828921,0.0081,0.14196732,0.0146,0.021862730173020237,0.001833448306559705
2013,11,380.3621,433.9438,57.0255,44.7995,9.6805,1.7061,1.5857,0.1321,0.10245608,0.0018,0.0007,0.10170092,0.01879001,0.00358926,0.13045062,0.0101,0.18635316,0.0087,0.02466681513113865,0.0052716384172860255
2013,12,277.9766,318.3741,39.8635,49.5864,9.5764,1.8170,0.9890,0.0765,0.11176231,0.0007,0.0004,0.08876155,0.01036225,0.00195299,0.14353008,0.0059,0.13807212,0.0177,0.014545736161122596,0.0027716187161241964
2014,1,442.0306,513.4787,69.4256,44.6839,10.0147,1.7855,1.8282,0.1651,0.10264796,0.0018,0.0007,0.09605103,0.02055381,0.00416613,0.13277763,0.0131,0.16399023,0.0109,0.02549470589630038,0.004211343699863577
2014,2,411.3271,538.3949,69.7724,43.7930,9.8205,1.7743,1.7131,0.1403,0.08991017,0.0011,0.0005,0.09887513,0.01667002,0.00315046,0.13690538,0.0102,0.15307673,0.0080,0.02031870727849014,0.004039889632224222
2014,3,443.5573,582.5307,76.5955,45.0212,9.8393,1.7567,1.8385,0.1562,0.09452117,0.0012,0.0006,0.09935695,0.01760902,0.00325103,0.13779019,0.0109,0.14761051,0.0084,0.021906884499232775,0.004894780685488283
2014,4,378.8722,466.0660,60.7961,49.9136,9.6100,1.7403,1.5679,0.1320,0.10077444,0.0007,0.0008,0.09729208,0.01602020,0.00343897,0.13277505,0.0089,0.14618473,0.0075,0.022162293357406812,0.003999675581787929
2014,5,299.2796,401.2639,51.9714,53.5493,8.7540,1.5719,1.2917,0.0962,0.10837544,0.0024,0.0005,0.08679241,0.01394502,0.00253917,0.12760523,0.0077,0.14452393,0.0056,0.01570599204751028,0.003950869881668217
2014,6,307.4409,386.0558,48.9754,52.4479,9.5548,1.6514,1.2922,0.1070,0.11464315,0.0011,0.0003,0.10506348,0.01721362,0.00269412,0.13809550,0.0084,0.14595127,0.0072,0.01808567318009489,0.005528940749833682
2014,7,259.1855,240.3556,31.4924,42.8728,9.7076,1.6275,1.0459,0.0962,0.09854959,0.0007,0.0005,0.10582432,0.01373393,0.00261645,0.14482528,0.0076,0.15386272,0.0092,0.015907254040298063,0.0026057603034026155
2014,8,290.5932,360.2756,45.3817,46.7246,10.5890,1.6532,1.1670,0.1020,0.10665999,0.0009,0.0004,0.10607954,0.01549604,0.00243961,0.14309123,0.0071,0.15726074,0.0062,0.015216604901611282,0.002439790982022866
2014,9,353.8918,404.2199,51.3020,47.2575,11.6285,1.7584,1.4401,0.1279,0.09818407,0.0013,0.0003,0.10362110,0.01818963,0.00316307,0.13769673,0.0088,0.15975744,0.0074,0.018105622592771372,0.0035110098036877685
2014,10,446.8529,531.1271,69.0912,46.8466,11.2763,1.7269,1.8889,0.1641,0.10007326,0.0008,0.0003,0.10218288,0.01796125,0.00315202,0.13711901,0.0096,0.15862614,0.0072,0.018728672127181465,0.00392446796249869
2014,11,449.3641,572.9263,73.0617,49.8599,9.1439,1.6018,1.9080,0.1609,0.11797896,0.0011,0.0005,0.09524341,0.01960188,0.00328662,0.12500101,0.0111,0.17430941,0.0080,0.02084643163425517,0.004133194174589658
2014,12,403.5343,416.8386,53.9218,47.2944,9.3335,1.6732,1.6710,0.1523,0.11422191,0.0026,0.0006,0.08857181,0.01897497,0.00384515,0.12586901,0.0112,0.16728491,0.0088,0.022636960442091195,0.003963930974631104
2015,1,423.9125,578.8877,75.1105,49.3235,9.2582,1.6113,1.6988,0.1482,0.12243991,0.0010,0.0004,0.10461916,0.01895810,0.00311634,0.13313122,0.0100,0.16385977,0.0092,0.019832642088097638,0.004199798570227894
2015,2,414.0995,478.9644,62.1032,48.3164,9.7645,1.6951,1.8006,0.1427,0.10860870,0.0010,0.0006,0.09672180,0.02451634,0.00379330,0.13210534,0.0112,0.16338018,0.0083,0.021908002814764727,0.004525719034716529
2015,3,456.5274,558.6866,71.1358,49.6541,9.8047,1.6727,1.9668,0.1783,0.11315452,0.0011,0.0005,0.10579584,0.02219749,0.00417354,0.12926318,0.0124,0.17438414,0.0104,0.02363306757240734,0.004448868136916989
2015,4,414.4436,474.7829,61.3117,53.2858,9.8102,1.7055,1.8406,0.1469,0.11341810,0.0008,0.0005,0.10329238,0.02020416,0.00365355,0.13375904,0.0105,0.16654061,0.0107,0.023354839294684557,0.004779496369996757
2015,5,352.4815,432.2921,55.0300,52.3893,9.8350,1.7776,1.4364,0.1190,0.12175368,0.0008,0.0006,0.15965278,0.01694710,0.00282286,0.14631247,0.0106,0.15138459,0.0078,0.01826588553889673,0.004252494602354311
2015,6,409.6386,512.4551,66.0296,54.9871,9.8048,1.7118,1.7324,0.1347,0.12275411,0.0010,0.0007,0.09517424,0.01784577,0.00331600,0.13261763,0.0110,0.15612549,0.0077,0.020960719587454466,0.003755800781451484
2015,7,407.9812,404.5843,52.2986,45.7150,9.8749,1.7494,1.7419,0.1538,0.10576343,0.0015,0.0021,0.08968441,0.02177646,0.00447951,0.13100658,0.0110,0.16597288,0.0115,0.023660859594284187,0.0035095317480547733
2015,8,508.0025,561.8267,73.0099,57.5906,10.5300,1.8157,1.9452,0.2049,0.11413984,0.0014,0.0014,0.09779413,0.01910095,0.00635647,0.13572181,0.0109,0.15242434,0.0089,0.02288699817371296,0.0043998932451764765
2015,9,361.0842,383.3794,50.1861,54.1200,10.1318,1.7673,1.4366,0.1288,0.11331832,0.0012,0.0011,0.09926836,0.01688415,0.00336845,0.13637793,0.0095,0.15071905,0.0087,0.018456657511706942,0.0034709835179976257
2015,10,420.3703,478.5960,61.7445,48.8553,10.3184,1.7234,1.6261,0.1584,0.11616174,0.0019,0.0005,0.11775553,0.01675236,0.00543622,0.13906985,0.0086,0.15455798,0.0087,0.019505428901002153,0.0042078832980712855
2015,11,265.0390,298.4143,37.5305,61.5924,10.5358,1.7927,1.0195,0.0878,0.13335422,0.0008,0.0002,0.11484744,0.01321120,0.00208145,0.13845381,0.0060,0.14838879,0.0165,0.015623141926611933,0.003800742414878476
2015,12,382.1375,508.6459,66.2346,51.2879,10.0053,1.7143,1.5960,0.1330,0.11986835,0.0011,0.0004,0.15710077,0.01701739,0.00287544,0.14283101,0.0090,0.14945949,0.0086,0.018030348873490202,0.0053888977124771755
2016,1,518.4645,321.9250,41.2478,58.1451,12.1124,1.9574,1.7018,0.3118,0.10282068,0.0006,0.0003,0.10645416,0.02319557,0.01737096,0.13820604,0.0080,0.13123392,0.0066,0.025753608378416046,0.0027700814293354
2016,2,672.8721,289.4439,38.5413,60.5491,12.6695,2.1148,2.0338,0.4047,0.09189359,0.0014,0.0002,0.07770708,0.02827010,0.02278057,0.13613218,0.0100,0.14429707,0.0091,0.027313946926818076,0.003120907532224021
2016,3,608.6627,479.3151,63.7148,51.1708,11.2538,1.8900,2.1024,0.3055,0.10006364,0.0009,0.0002,0.09610696,0.02325408,0.01373783,0.13441061,0.0123,0.15619989,0.0090,0.009288453769084564,0.004320414970322035
2016,4,500.3504,466.6518,58.1665,52.5760,10.8977,1.7659,2.0588,0.2262,0.10641388,0.0012,0.0005,0.10344722,0.02157851,0.00730913,0.13632638,0.0109,0.16972969,0.0115,0.017441495383491608,0.00471095128640226
2016,5,391.5280,391.1960,50.0383,53.6300,9.9424,1.6356,1.6631,0.1508,0.11485636,0.0016,0.0003,0.10203944,0.01913452,0.00489723,0.13305337,0.0095,0.16251976,0.0108,0.019401888402064953,0.005309722024107108
2016,6,417.0532,455.1838,58.5159,51.6005,9.7016,1.6332,1.7750,0.1564,0.11581160,0.0012,0.0002,0.09842684,0.02060602,0.00468973,0.13188649,0.0102,0.16016220,0.0113,0.020261286620869418,0.005473223479800941
2016,7,715.3126,224.9866,28.9261,51.4290,15.0022,2.1815,2.5712,0.4871,0.08101079,0.0009,0.0002,0.07416672,0.02918911,0.01944141,0.13389011,0.0088,0.14278886,0.0118,0.0008730068628530334,0.0022817721189310382
2016,8,328.9205,363.6897,45.2057,51.7779,9.8757,1.7234,1.2951,0.1174,0.13078112,0.0009,0.0002,0.09940657,0.01676310,0.00293651,0.13371138,0.0097,0.15522276,0.0082,0.016434840536997345,0.003043156032239319
2016,9,558.9903,385.8456,49.7843,49.0135,11.5130,1.8558,2.0703,0.3010,0.10977468,0.0013,0.0007,0.07962392,0.02634427,0.00975869,0.12596362,0.0120,0.16965705,0.0131,0.01676454999010107,0.0035108682344653632
2016,10,695.1999,290.5390,36.8676,57.2405,14.2989,2.1139,2.3648,0.4348,0.10801171,0.0007,0.0005,0.08677087,0.02846307,0.01620180,0.13801792,0.0072,0.13775917,0.0076,0.0016220103386993133,0.003446159120607869
2016,11,705.9326,255.0622,32.1706,57.0016,14.6665,2.1496,2.3787,0.4446,0.11930602,0.0008,0.0005,0.08718786,0.02917033,0.01656157,0.13790800,0.0077,0.13727360,0.0071,-7.850977135760164e-05,0.0030900942320217077
2016,12,460.9475,201.4550,23.4220,62.2224,12.5777,1.9417,1.5405,0.2679,0.14370192,0.0005,0.0002,0.08755629,0.01925439,0.01005934,0.14319251,0.0069,0.12158430,0.0060,0.003418147527875738,0.0021478227769927203
2017,1,503.7669,354.1473,45.8605,60.2842,11.5282,1.8552,1.9056,0.2654,0.12132080,0.0009,0.0003,0.09522574,0.02268316,0.00944460,0.13059877,0.0099,0.15477804,0.0088,0.01355622993658026,0.004153536581358674
2017,2,422.7613,470.3573,60.5097,57.1433,9.6581,1.6948,1.8304,0.1472,0.11536267,0.0012,0.0005,0.10042328,0.01967488,0.00353263,0.13237180,0.0103,0.16947970,0.0111,0.019728700988626644,0.005181392186685708
2017,3,545.0745,418.5982,53.6543,51.4520,10.8166,1.8018,2.1663,0.2374,0.11069629,0.0012,0.0004,0.10444707,0.02309265,0.00738207,0.13579941,0.0096,0.16743360,0.0091,0.018476595673919915,0.004762353616730888
2017,4,719.7863,321.8855,41.1709,56.2058,14.5548,2.1516,2.5940,0.4502,0.09478867,0.0011,0.0003,0.09086565,0.03083818,0.01708315,0.13097051,0.0093,0.14256600,0.0082,0.013862460705277023,0.006140042030690125
2017,5,806.8563,241.9358,31.3567,59.8213,15.8533,2.2497,2.6338,0.5137,0.09498990,0.0013,0.0003,0.07861036,0.03519111,0.01986744,0.12812578,0.0099,0.14824616,0.0080,0.009257639196752909,0.0035001447564829468
2017,6,826.4912,260.4161,33.4514,60.0593,15.9359,2.2645,2.8416,0.5376,0.09746994,0.0005,0.0003,0.09002078,0.03545100,0.02143030,0.13117637,0.0084,0.13738736,0.0081,0.01086517810800462,0.003134333070061319
2017,7,634.8589,291.6700,37.3006,51.7580,13.9406,2.0769,2.2500,0.4023,0.10492065,0.0007,0.0004,0.08551887,0.02721937,0.01538671,0.13090351,0.0081,0.13349479,0.0076,0.011045722151266575,0.003006671779611469
2017,8,426.9442,243.0588,29.3884,47.3317,11.4372,1.7715,1.5398,0.2621,0.13117037,0.0009,0.0001,0.09206803,0.01885483,0.00946424,0.13162488,0.0066,0.14721645,0.0065,0.00944671873215565,0.003177956190018237
2017,9,621.3389,239.8270,30.4991,54.0396,14.0176,2.0874,2.1036,0.3816,0.12847729,0.0007,0.0001,0.09821604,0.02569195,0.01443460,0.13333760,0.0089,0.14502240,0.0074,0.009226328753958297,0.0026602014120595797
2017,10,587.0653,263.4529,33.1974,54.5954,13.3001,2.0762,2.1598,0.3514,0.11002808,0.0007,0.0004,0.08358927,0.02949497,0.01310610,0.12963442,0.0090,0.14562588,0.0139,0.012349938033494018,0.002444769936571327
2017,11,745.5861,254.0660,31.8943,60.5757,15.5090,2.2163,3.0798,0.0888,0.10211857,0.0005,0.0003,0.08067761,0.03478241,0.01577613,0.12846373,0.0090,0.14426116,0.0080,0.011133775082747495,0.002872995076008351
2017,12,827.5008,242.8851,30.2822,69.2263,16.5595,2.3097,3.3945,0.0790,0.11137616,0.0005,0.0004,0.08116480,0.03591215,0.01771469,0.12803735,0.0094,0.13677494,0.0070,0.010074411059754441,0.0029226860825397405
2018,1,765.3077,234.2380,28.3683,66.8253,15.9302,2.2418,3.2423,0.1009,0.11121398,0.0008,0.0002,0.08508963,0.03439038,0.01655535,0.12875445,0.0085,0.13536108,0.0085,0.010269367420546089,0.0024052539484884913
2018,2,559.1513,312.7587,38.9233,54.5350,12.6226,1.9424,2.3765,0.1014,0.10667904,0.0007,0.0001,0.09674694,0.02696438,0.00922224,0.13357354,0.0089,0.14650552,0.0082,0.014445411169699945,0.0031797594579661094
2018,3,300.8592,319.7371,40.3986,58.7537,9.5073,1.7375,1.2088,0.0974,0.11853833,0.0009,0.0005,0.11231827,0.02417258,0.00236191,0.14900553,0.0090,0.15643359,0.0076,0.012757622713086439,0.003274914992759638
2018,4,362.5954,399.6673,51.2435,53.1558,9.7695,1.7033,1.5432,0.1203,0.11767152,0.0014,0.0004,0.10717929,0.02217361,0.00311620,0.13864173,0.0088,0.15895109,0.0091,0.01691593997066964,0.008198304301685496
2018,5,396.9012,324.4129,42.5633,50.7461,9.6691,1.7452,1.7096,0.1412,0.11649056,0.0015,0.0004,0.10434333,0.02475691,0.00400679,0.13223557,0.0102,0.17869167,0.0114,0.02150699201765477,0.006842287826471992
2018,6,391.6583,417.0619,52.4186,50.5026,9.5540,1.6907,1.6963,0.1444,0.11732559,0.0012,0.0003,0.12678052,0.02179362,0.00339123,0.13609468,0.0111,0.16695591,0.0093,0.01951037655024564,0.004382563860902166
2018,7,412.4263,447.3191,57.1925,55.3128,9.5501,1.7041,1.7188,0.1481,0.11938524,0.0011,0.0003,0.11042699,0.02225528,0.00321918,0.14210887,0.0106,0.16056628,0.0081,0.017123016663358494,0.003566362311209465
2018,8,314.5969,392.2695,49.7116,53.3794,8.8478,1.5678,1.2836,0.1231,0.15334168,0.0008,0.0003,0.10214027,0.01610634,0.00248486,0.13095218,0.0093,0.15838314,0.0069,0.01537877040704295,0.0036126899901219563
2018,9,320.1894,349.1663,43.8974,48.8583,9.4078,1.5992,1.2915,0.1123,0.14117758,0.0008,0.0006,0.10561065,0.01646199,0.00246437,0.13482529,0.0077,0.16146804,0.0090,0.01633674730771902,0.004352625119017735
2018,10,353.2703,393.7898,48.4491,52.0268,9.3745,1.6671,1.4265,0.1253,0.10811552,0.0009,0.0004,0.10135078,0.01927540,0.00264368,0.13789071,0.0087,0.17818682,0.0088,0.015933140658778124,0.005248232831728279
2018,11,341.1736,350.9556,43.2138,59.4921,9.1661,1.6191,1.4169,0.1167,0.11385427,0.0009,0.0005,0.10504113,0.02977128,0.00262737,0.13166596,0.0123,0.16053626,0.0080,0.014149914299541625,0.0044012867749670965
2018,12,248.1124,275.1349,34.4526,78.7101,7.3331,1.3419,1.0207,0.0837,0.11318094,0.0007,0.0006,0.10296547,0.05206676,0.00205273,0.11901361,0.0064,0.15563666,0.0069,0.013286705118253445,0.0044316790054142454
2019,1,385.5838,442.4179,51.6593,54.2049,9.6185,1.6878,1.6992,0.1310,0.11587654,0.0011,0.0005,0.09563332,0.02268784,0.00354552,0.12996188,0.0094,0.18027435,0.0118,0.017900810972889716,0.004919856895242915
2019,2,404.5342,355.9833,45.5095,50.5638,9.4744,1.6682,1.7574,0.1471,0.11544793,0.0015,0.0002,0.08010973,0.02311387,0.00401046,0.12219785,0.0101,0.19609838,0.0128,0.02003337608564303,0.0036642386851599277
2019,3,315.9317,316.7665,39.3917,51.2901,9.4721,1.7106,1.3315,0.1177,0.11876280,0.0015,0.0002,0.08411293,0.01906188,0.00329629,0.12843127,0.0083,0.18231666,0.0124,0.020011401562108122,0.003552986027963522
2019,4,382.9703,419.7276,52.9045,56.1647,9.5488,1.6720,1.6576,0.1307,0.13103898,0.0012,0.0005,0.10168185,0.02053008,0.00301918,0.13138827,0.0089,0.17686014,0.0105,0.017312631161379412,0.00393220056420518
2019,5,365.7041,358.6768,45.3901,54.2023,9.6629,1.6646,1.5545,0.1193,0.12966567,0.0008,0.0003,0.10187934,0.02057684,0.00312860,0.13331318,0.0079,0.17029769,0.0161,0.017808585218314806,0.003960237252534392
2019,6,324.6658,310.5544,39.6563,52.1621,9.4713,1.6628,1.3685,0.1123,0.12062215,0.0007,0.0009,0.08213835,0.02053606,0.00314442,0.12550320,0.0083,0.17395626,0.0104,0.017732562379673474,0.003689591127977808
2019,7,357.8227,381.4024,47.4221,53.6344,9.7666,1.6706,1.5038,0.1180,0.12987270,0.0013,0.0006,0.10240864,0.02077513,0.00295846,0.13204087,0.0085,0.17111582,0.0092,0.01777223981930084,0.004302503181833009
2019,8,378.7153,392.8156,49.3988,56.3546,9.5611,1.6385,1.5714,0.1194,0.13112179,0.0013,0.0003,0.10418350,0.02092162,0.00286489,0.13204392,0.0089,0.17068603,0.0092,0.015948246942311027,0.0038320071870961577
2019,9,333.1663,355.9402,45.0993,55.4197,9.4585,1.6285,1.3865,0.1114,0.12625122,0.0014,0.0003,0.10834390,0.01975594,0.00274967,0.13446507,0.0079,0.15904695,0.0087,0.014203901303148013,0.003328817751130864
2019,10,315.2598,327.1009,40.9138,57.7149,9.0717,1.5742,1.3174,0.1027,0.12845983,0.0013,0.0004,0.09365604,0.01729102,0.00246813,0.12788900,0.0077,0.15607686,0.0138,0.012203252546186453,0.003978701302038365
2019,11,408.3338,432.3722,55.3171,56.8062,9.6678,1.6683,1.7120,0.1349,0.12133184,0.0013,0.0004,0.09828894,0.02103001,0.00290928,0.13450511,0.0088,0.17081074,0.0073,0.014656792703233753,0.00401906669254876
2019,12,434.4388,456.0804,58.0345,55.9039,10.0092,1.9880,1.8446,0.1413,0.12132015,0.0017,0.0004,0.09821230,0.02145692,0.00291414,0.13291377,0.0092,0.17072064,0.0074,0.014470181799355986,0.004640190832391012
2020,1,396.7089,299.4038,36.6809,54.9918,9.4523,1.5647,1.6825,0.1226,0.10046624,0.0014,0.0003,0.09775197,0.02267405,0.00252928,0.12137913,0.0086,0.17661412,0.0050,0.013481917987524647,0.003100786813764894
2020,2,478.3668,274.5371,34.8359,52.4427,9.7639,1.7345,2.1587,0.1774,0.12161972,0.0015,0.0008,0.08661050,0.02197963,0.00374848,0.12861688,0.0089,0.16470800,0.0097,0.014794262113455305,0.0013125665064581083
2020,3,356.3413,284.9295,34.1653,58.7485,9.7411,1.6982,1.4843,0.1106,0.13614690,0.0011,0.0002,0.10839464,0.01611033,0.00190225,0.13997701,0.0058,0.13922305,0.0061,0.013998673710781126,0.0024106295273098903
2020,4,422.9159,343.9359,40.9652,49.8193,10.1146,1.5556,1.7937,0.1241,0.12023844,0.0004,0.0002,0.10772565,0.01802328,0.00288195,0.14528403,0.0079,0.13170075,0.0038,0.018193440536485667,0.0023186321539891675
