2002,11,379.5833,525.8333,60.6667,0.0000,10.0833,0.0000,0.0000,4.875327984491984,1.2033975919087727,0E-8,0.0000,0.05352500,0.00112500,0.00572500,0.03404167,0.0000,0.19820000,0.0000,0.0559280829038471,0.005799333254496257
2002,12,1535.0000,2.0000,1.0000,0.0000,12.0000,0.0000,0.0000,4.780319452285767,0.0,0E-8,0.0000,0.04160000,0.00150000,0.00535000,0.02575000,0.0000,0.17620000,0.0000,0.25136899948120117,0.0
2003,2,239.0000,2.0000,1.0000,0.0000,11.0000,0.0000,0.0000,4.642857074737549,0.0,0E-8,0.0000,0E-8,0.00420000,0E-8,0.02090000,0.0000,0.18830000,0.0000,0.2750000059604645,0.0
2003,3,0.0000,0.0000,1.0000,0.0000,0.0000,0.0000,0.0000,0.0,0.0,0E-8,0.0000,0E-8,0E-8,0E-8,0E-8,0.0000,0E-8,0.0000,0.0,0.0
2003,12,1086.5000,2.8333,1.1667,0.0000,10.8333,0.0000,0.8333,4.8585875034332275,0.4166666666666667,0E-8,0.0000,0.03806667,0.00325000,0.00266667,0.05985000,0.0000,0.21736667,0.0000,0.06547283257047336,0.041666666666666664
2004,1,248.3333,297.0000,37.0000,10.6667,12.3333,0.3333,0.0000,6.721367597579956,2.3707167307535806,0E-8,0.0000,0.02250000,0.04810000,0.00470000,0.09333333,0.0000,0.17380000,0.0000,0.05925899868210157,0.012500000496705374
2004,4,161.5000,2.0000,1.0000,8.0000,9.0000,0.0000,0.0000,4.76007342338562,0.0,0.15625000,0.0000,0.05135000,0.00400000,0E-8,0.08850000,0.0000,0.19275000,0.0000,0.14404749870300293,0.0
2004,5,148.2500,4.7500,1.2500,0.0000,8.5000,0.0000,0.0000,4.289304971694946,1.375,0E-8,0.0000,0.06630000,0E-8,0.03690000,0.08490000,0.0000,0.25080000,0.0000,-0.014432749710977077,0.0
2004,6,36.0000,13894.0000,2005.0000,0.0000,12.0000,0.0000,0.0000,6.933333396911621,7.107409954071045,0E-8,0.0000,0.04760000,0E-8,0E-8,0.02275000,0.0000,0.26625000,0.0000,0.0,0.05613499879837036
2004,8,225.6667,3324.6667,434.0000,0.0000,10.3333,0.0000,0.0000,6.99386994043986,6.738825639088948,0E-8,0.0000,0.03613333,0.00396667,0.01753333,0.02003333,0.0000,0.20826667,0.0000,0.3301983376344045,0.03651233452061812
2004,10,163.7500,169.5000,15.8750,3.0000,8.8750,0.3750,0.0000,4.1376765966415405,1.6934523582458496,0.02500000,0.0000,0.06435000,0.08478750,0.00145000,0.07791250,0.0000,0.17501250,0.0000,0.10642362385988235,0.0
2004,11,114.0000,2956.5000,361.5000,5.0000,12.0000,0.0000,0.0000,6.2799999713897705,6.471263885498047,0E-8,0.0000,0.06300000,0E-8,0.02000000,0.07910000,0.0000,0.19635000,0.0000,0.04682549834251404,0.13949500024318695
2004,12,179.0000,2.0000,1.0000,0.0000,8.0000,0.0000,0.0000,4.2941179275512695,0.0,0E-8,0.0000,0.05040000,0.06700000,0.08820000,0.03910000,0.0000,0.20110000,0.0000,0.0,0.0
2005,1,513.5000,2.0000,1.0000,19.0000,13.0000,0.5000,0.0000,5.407033920288086,0.0,0.21590000,0.0000,0.06965000,0.03500000,0.00760000,0.05800000,0.0000,0.16150000,0.0000,0.16026800125837326,0.0
2005,2,143.5000,12688.0000,1652.5000,13.0000,9.5000,0.0000,0.0000,6.059523582458496,3.248218536376953,0.09615000,0.0000,0.03035000,0E-8,0E-8,0.07365000,0.0000,0.22125000,0.0000,0.125,0.016496000811457634
2005,3,632.5000,2.0000,1.0000,13.0000,13.0000,1.0000,0.0000,5.055981874465942,0.0,0.11540000,0.0000,0.03640000,0.00580000,0.00515000,0.03495000,0.0000,0.17285000,0.0000,0.12000450119376183,0.0
2005,4,774.0000,27982.0000,4461.0000,0.0000,11.0000,0.0000,0.0000,6.3333330154418945,5.542496204376221,0E-8,0.0000,0.05110000,0.00780000,0E-8,0.02840000,0.0000,0.24810000,0.0000,0.2821429967880249,0.12369000166654587
2005,5,679.7778,920.2222,141.4444,28.5556,11.7778,0.0000,0.0000,5.124251948462592,2.8618477715386286,0.08076667,0.0000,0.03154444,0.01975556,0.00503333,0.05487778,0.0000,0.20142222,0.0000,0.07487766672339705,0.061856446580754385
2005,6,125.3000,126.2000,17.2000,21.6000,7.8000,0.6000,0.0000,4.723647880554199,2.4334054470062254,0.06825000,0.0000,0.08249000,0.07113000,0.03167000,0.09357000,0.0000,0.27393000,0.0000,-0.015277799405157565,-0.004111099243164063
2005,7,164.6000,6800.6000,948.4000,25.8000,9.4000,0.8000,0.0000,8.024615478515624,6.500391960144043,0.07408000,0.0000,0.05268000,0.00144000,0.00308000,0.14062000,0.0000,0.24452000,0.0000,0.008749999850988389,0.049437598884105684
2005,8,431.5556,1522.7778,194.4444,19.5556,10.4444,0.4444,0.0000,5.9816670417785645,1.4740772247314453,0.05158889,0.0000,0.03816667,0.01534444,0.02005556,0.06275556,0.1111,0.19104444,0.0000,0.04779422210736407,0.021593222187625036
2005,9,150.2000,6505.7000,995.1000,15.5000,13.0000,0.0000,0.0000,4.926631259918213,1.1231795787811278,0.19089000,0.0000,0.13087000,0.00432000,0.01668000,0.06788000,0.1000,0.24487000,0.0000,0.13900000229477882,0.017843299359083176
2005,10,272.6552,209.6552,23.6897,12.8621,9.3793,0.2069,0.1034,4.441751792513091,0.9157258888770794,0.05242069,0.0000,0.06273103,0.01542759,0.02060690,0.08205517,0.0000,0.21827241,0.0345,-0.011021519047689849,0.028660999803707517
2005,11,216.4286,888.8571,129.5714,3.9524,9.8095,0.2381,0.0000,5.181337697165353,1.0275367328098841,0.02125714,0.0000,0.07675714,0.02078095,0.01907143,0.07707143,0.1429,0.21160000,0.0000,0.004042238351844606,0.020949286009584154
2005,12,262.8182,1085.4545,141.3636,13.2727,8.8182,0.0909,0.0909,4.467655788768422,2.5591520829634233,0.07340909,0.0000,0.03195455,0.00884545,0.01472727,0.04507273,0.1818,0.28897273,0.1818,-0.03307091004469178,0.060290818187323486
2006,1,215.9444,294.0556,34.6111,6.1667,9.0000,0.1111,0.0000,4.7422124412324695,1.169592272904184,0.02929444,0.0000,0.08575556,0.02766667,0.01318889,0.04304444,0.0000,0.26566111,0.0556,-0.05209000036120415,-0.009259278575579325
2006,2,114.1304,246.7391,28.9130,24.1739,7.5652,0.1739,0.2609,7.866179507711659,8.390683080839073,0.08549130,0.0870,0.03629565,0.01437391,0.01158261,0.08086957,0.0870,0.27310000,0.3913,0.07728552219012509,0.02896469458937645
2006,3,184.2500,2423.0625,309.9375,5.6875,9.3125,0.1875,0.0000,4.7447829246521,2.3388220071792603,0.03853750,0.0000,0.05163750,0.01110000,0.01175000,0.04118750,0.0000,0.25569375,0.0625,0.017604124965146184,0.03883681321167387
2006,4,337.3667,295.4000,39.3667,3.3667,9.7667,0.5667,0.1000,4.627939041455587,1.429024092356364,0.01201000,0.0000,0.04729333,0.03753667,0.01105667,0.05882333,0.0000,0.31662667,0.1667,0.09432346286873022,0.0923017626007398
2006,5,279.0000,1363.9231,184.1282,9.9744,10.0256,0.1795,0.0256,5.346940199534099,1.243425809420072,0.06384615,0.0256,0.10550256,0.02751538,0.01595897,0.06807692,0.0000,0.24117179,0.0769,0.03954384583406723,0.006416076943517113
2006,6,199.5600,371.7200,53.0800,12.7600,8.2000,0.3200,0.0000,4.993322582244873,1.6969160652160644,0.17928800,0.0000,0.13552800,0.07287200,0.00686000,0.11615600,0.0400,0.25540000,0.0400,0.07304531961679459,0.006528199911117554
2006,7,451.3333,146.5333,13.2667,8.7333,10.2000,0.5333,0.2667,6.093242971102397,4.081534385681152,0.06081667,0.0667,0.11724000,0.05039000,0.01063000,0.08957000,0.0333,0.18501333,0.1000,0.03928316521147887,-0.009556267658869426
2006,8,107.6818,165.9545,19.9545,11.7727,9.1364,0.2273,0.0455,5.39066388390281,4.816496870734475,0.08385909,0.0000,0.12327273,0.05604545,0.00501818,0.11933182,0.0000,0.21352727,0.3182,-0.002525682899762284,0.017682317983020435
2006,9,428.7059,1334.2353,196.3529,7.5294,10.1765,1.3529,0.2941,6.066122265423045,4.213825534371769,0.02340000,0.0588,0.03602941,0.02965882,0.00096471,0.06150588,0.0000,0.20427647,0.1176,-0.06502400052405018,0.020753235501401564
2006,10,1079.2174,1743.1304,253.8478,25.7609,9.7391,0.8043,0.0435,6.459410195765288,3.264582063840783,0.11429130,0.0000,0.17144130,0.06494565,0.00787609,0.06751957,0.0435,0.19686957,0.2826,0.034344478477420205,0.023617087094032246
2006,11,425.6538,665.6731,95.0000,22.7885,10.8269,0.4808,0.1538,6.188453353368319,2.3790213465690613,0.05763077,0.0000,0.04662885,0.04155192,0.01216923,0.07115385,0.0192,0.20298077,0.0577,0.08764817239716649,0.002829346232689344
2006,12,832.8000,205.5250,29.1500,19.6000,10.1500,0.6750,0.1500,7.428294831514359,3.4299971222877503,0.13254000,0.0250,0.05927250,0.04579250,0.00568000,0.10922500,0.0500,0.19070500,0.0500,0.026729599852114917,-0.004544400051236153
2007,1,728.5000,210.3438,28.0000,22.8750,10.5938,0.9688,0.0313,4.969184122979641,2.745066538453102,0.08117188,0.0000,0.09380938,0.03722813,0.00691250,0.06034063,0.0313,0.18055625,0.0313,0.14882850155117922,0.029482655692845583
2007,2,585.7143,16.1299,2.9740,33.1299,11.1688,0.8701,0.2987,5.328972079537132,0.4843541677896078,0.11145714,0.0000,0.06842078,0.06306364,0.01123896,0.06745325,0.0260,0.18473896,0.0649,0.0701037410755533,0.0015545064801132523
2007,3,262.8421,95.6316,11.1053,23.5263,8.4474,0.2895,0.0000,5.091522969697651,1.7957473303142346,0.09854211,0.0263,0.06511053,0.02663947,0.01197368,0.07287895,0.0526,0.27365000,0.1842,0.12949199874052092,0.009598526270373872
2007,4,177.0455,135.9545,16.0455,23.7727,8.6818,0.2727,0.1364,5.004035017707131,2.9812787012620405,0.10763182,0.0000,0.07606364,0.04916364,0.00497727,0.09417727,0.1364,0.25357727,0.0909,0.008848725024356761,0.002930045466531407
2007,5,522.2593,61.1852,9.3333,22.4444,9.7037,0.6296,0.1111,4.406466183839021,1.2117079982051142,0.12658889,0.0000,0.04041111,0.03209259,0.00845926,0.04793333,0.0370,0.27083333,0.0000,0.11310025835754695,0.003002999557389153
2007,6,287.3750,60.8125,5.6875,29.6250,10.0000,0.3750,0.0625,4.980860963463783,3.6115530133247375,0.07503750,0.0000,0.07210625,0.06313125,0.00685625,0.07166875,0.0000,0.21373750,0.0625,0.028073811903595924,-0.004947937559336424
2007,7,281.7778,15.5556,4.0370,12.6667,9.1481,0.3704,0.0370,4.7486692269643145,0.6018518518518519,0.10166667,0.0000,0.10498889,0.05187407,0.01347037,0.08400000,0.0000,0.25540370,0.0000,0.06762096472084522,0.010582000017166138
2007,8,323.2000,2.0000,1.0000,13.2000,10.8000,0.0000,0.0000,4.576858139038086,0.0,0.05366000,0.0000,0.04103000,0.00079000,0.00695000,0.04587000,0.0000,0.20287000,0.0000,0.05241660177707672,0.0
2007,9,343.5000,122.7273,12.5909,28.3182,9.0000,0.3636,0.0000,7.584641543301669,3.40257774699818,0.06034091,0.0000,0.09254091,0.07800455,0.00794545,0.13475455,0.0455,0.20130000,0.2273,0.05509527332403443,0.009504136036742817
2007,10,195.0000,233.0000,17.0000,44.1667,11.6667,0.1667,0.0000,5.716135660807292,4.882838408152263,0.14400000,0.0000,0.05645000,0.01151667,0.00388333,0.08826667,0.0000,0.18750000,0.0000,0.05178583382318417,0.0
2007,11,182.3509,23.1579,2.5789,12.5439,9.6667,0.1228,0.0175,7.259098253752056,3.460796205621017,0.09590175,0.0175,0.08244912,0.01599123,0.00529123,0.11312807,0.0351,0.20668947,0.1404,0.062228982777971974,0.009941526410872476
2007,12,220.8889,2.0000,1.0000,18.7778,11.6667,1.2222,0.0000,6.234426816304524,0.0,0.08198889,0.0000,0.16066667,0.10117778,0.02986667,0.12463333,0.0000,0.16390000,0.0000,0.046111110183927745,0.0
2008,1,397.5000,31.6000,3.4500,29.0000,12.0500,1.0000,0.0000,7.141294026374817,4.7883700132369995,0.09032000,0.0000,0.07735500,0.08241500,0.00655000,0.09148000,0.0000,0.17000500,0.0000,0.08502774965018034,0.0033333498984575273
2008,2,307.1600,2578.9200,392.0800,25.0400,9.8000,0.2000,0.0000,5.380479574203491,3.017189998626709,0.08785200,0.0000,0.19144400,0.02991600,0.01574000,0.07535600,0.0000,0.23017200,0.2000,0.015507519692182541,-0.035719360150396826
2008,3,561.9412,24.5882,3.4706,36.4706,10.3529,0.1176,0.0000,4.587661364499261,2.927083408131319,0.11828235,0.0000,0.03385294,0.00800000,0.02000000,0.03919412,0.0000,0.24070588,0.1176,0.045670470496749174,0.00588235302883036
2008,4,320.7143,82.8571,9.7619,38.8095,9.0952,0.4762,0.0000,4.708879016694569,3.621738706316267,0.16518571,0.0000,0.08680952,0.03284762,0.01507143,0.06562857,0.0476,0.24029524,0.0952,0.03384790605022794,0.007258285369191851
2008,5,231.2500,81.2000,6.8000,26.9000,8.5500,0.5500,0.0000,6.029463481903076,9.238033556938172,0.08910500,0.0000,0.09571500,0.02707500,0.00976500,0.08004500,0.0000,0.28266500,0.1000,0.06276309844106435,-0.009375
2008,6,384.0909,13.0000,1.3636,33.2727,11.4545,0.5455,0.0000,6.060131333091042,2.1636362942782315,0.09134545,0.0000,0.05990000,0.08333636,0.01609091,0.07672727,0.0000,0.16555455,0.0000,0.011639002033255318,0.0
2008,7,219.3333,4.4667,1.1333,6.6000,10.6000,0.8000,0.0000,5.485750293731689,0.9666666666666667,0.11851333,0.0000,0.05482000,0.05932000,0.02477333,0.09976000,0.0667,0.22506667,0.1333,0.08253580207626025,0.0
2008,8,123.6154,23.6923,2.6923,21.0000,8.2308,0.4615,0.0000,5.125899039782011,2.9278106689453125,0.15080769,0.0000,0.13653846,0.05700769,0.03363846,0.08476923,0.0000,0.19794615,0.0000,-0.05420515428368862,0.0
2008,9,262.2308,87.3077,11.1538,30.7692,12.0000,0.6538,0.0000,6.5842039218315715,2.1805220934060903,0.10110000,0.0000,0.05312692,0.02653846,0.01229231,0.08816154,0.1154,0.18045000,0.1923,0.09919476921025377,0.005999307792920332
2008,10,1140.3750,55.5000,8.8333,22.3333,9.0417,1.6250,0.0417,6.063033511241277,1.9209740956624348,0.12698333,0.0000,0.18291667,0.01280000,0.03240417,0.09027500,0.0417,0.25074583,0.1250,0.030669166473671794,-0.012789375148713589
2008,11,211.8571,2.0000,1.0000,18.5714,9.1429,0.2857,0.0000,4.733387913022723,0.0,0.11710000,0.0000,0.46605714,0.03290000,0E-8,0.13351429,0.4286,0.20875714,0.4286,0.02034385608775275,0.0
2008,12,215.6250,498.0000,73.6250,31.9375,9.5000,0.6250,0.0000,5.055775165557861,4.665805786848068,0.07191875,0.0625,0.14282500,0.04704375,0.01279375,0.07697500,0.0625,0.23415000,0.1875,0.05858162626827834,0.0031228752923198044
2009,1,395.8571,114.9286,14.9286,25.0714,11.5000,0.2143,0.0000,5.826046773365566,3.1910256998879567,0.06987857,0.0000,0.02246429,0.02040000,0.01657143,0.04962857,0.0714,0.17327857,0.2857,0.02841943023460252,0.01556050032377243
2009,2,419.9091,78.0909,12.4545,19.4545,11.0000,1.9091,0.0000,5.821997880935669,0.5042613636363636,0.11279091,0.0000,0.05139091,0.03148182,0.00549091,0.08459091,0.0000,0.24028182,0.0000,0.11208636550740762,-0.0017676363614472475
2009,3,1027.7500,9.6250,1.7500,24.0625,12.8750,0.8125,0.0625,5.565296977758408,0.6883116960525513,0.08171875,0.0000,0.06183750,0.03512500,0.00950000,0.07125000,0.0625,0.17300625,0.0625,0.1511377494316548,0.03125
2009,4,210.7692,71.0769,5.9231,15.2308,9.6923,0.3846,0.0769,5.738770778362568,2.951779365539551,0.14243846,0.0000,0.05120769,0.03861538,0.01466923,0.07358462,0.0000,0.26950769,0.0769,0.03817123231979517,0.007692307806932009
2009,5,379.2143,2.0000,1.0000,12.0000,9.6429,0.1429,0.0000,4.724407383373806,0.0,0.02822857,0.0000,0.04379286,0.00578571,0.01089286,0.05864286,0.0000,0.19597857,0.0714,0.047502714209258556,0.0
2009,6,322.0000,4.9231,1.0769,34.0769,9.4615,0.1538,0.0769,4.719873905181885,0.4935897680429312,0.10165385,0.0000,0.14817692,0.02143846,0.04414615,0.06175385,0.0000,0.22363077,0.0769,0.05421707664544766,0.0
2009,7,620.5000,31.0000,2.9167,17.4167,9.7500,0.3333,0.0000,7.08760650952657,3.852182626724243,0.12259167,0.0000,0.09180833,0.04613333,0.00574167,0.14861667,0.1667,0.18475833,0.2500,0.1614102510114511,0.0
2009,8,152.8462,50.3077,7.3846,13.7692,9.0000,0.3077,0.0000,5.345767094538762,1.923831059382512,0.14686923,0.0769,0.16883077,0.03142308,0.00320769,0.11195385,0.0769,0.27212308,0.2308,0.04510069294617726,0.028846153846153848
2009,9,280.1818,1039.3182,138.3636,19.1364,10.3636,1.1364,0.0000,6.459730039943349,0.9434824640100653,0.08024091,0.0000,0.19195909,0.06615000,0.00214091,0.11359091,0.0000,0.19425000,0.0909,0.10702154378999364,0.003326818346977234
2009,10,87.3000,22.8000,3.7000,19.9000,6.9000,0.0000,0.0000,4.368846225738525,2.2226667165756226,0.16014000,0.2000,0.07908000,0.00066000,0.00400000,0.04508000,0.0000,0.14391000,0.2000,0.0021111000329256057,0.0
2009,11,364.0000,21.7647,3.1176,9.1765,9.9412,0.6471,0.0000,4.677467514486874,1.566789234385771,0.06774706,0.0000,0.21342941,0.01973529,0.01347059,0.05332353,0.0588,0.18257647,0.1765,0.04800317602177315,-0.03305323509608998
2009,12,848.8000,2.5000,1.1000,39.5000,11.3000,1.3000,0.1000,4.8872898578643795,0.25,0.09577000,0.0000,0.05358000,0.01384000,0.00944000,0.03845000,0.0000,0.19944000,0.0000,0.05081050042062998,-0.03125
2010,1,468.4118,199.1765,31.1176,29.6471,10.9412,1.8235,0.0588,7.042221013237448,4.071797819698558,0.06196471,0.0000,0.06687059,0.06546471,0.00853529,0.10345294,0.1765,0.20456471,0.1765,-0.0307894708479152,-0.006575765416902655
2010,2,668.6000,2814.2400,352.0000,19.8800,7.4400,0.2400,0.0400,4.849033803939819,2.71671085357666,0.13328400,0.0000,0.15085600,0.03137200,0.02721600,0.06276800,0.0000,0.32025600,0.2000,0.08851428031921386,0.008521959781646729
2010,3,134.5333,20.0000,3.6667,11.1333,12.2667,0.4000,0.0000,7.4513740062713625,1.912000020345052,0.08676000,0.0000,0.21305333,0.02049333,0.00254000,0.13839333,0.1333,0.20980667,0.6000,0.06212966665625572,0.0
2010,4,285.3929,14.7143,3.1071,17.6429,13.4286,0.5357,0.0000,5.6798370480537415,0.5158730064119611,0.09792500,0.0000,0.11900714,0.02898214,0.00877500,0.07545000,0.1429,0.23848214,0.3214,-0.007140250344361577,0.005399642778294427
2010,5,356.7917,186.6667,28.2500,28.9167,10.5833,0.6667,0.0833,5.62040646870931,3.5871852238972983,0.10188750,0.0417,0.08535833,0.03733333,0.00912083,0.06900833,0.0417,0.21149583,0.2917,-0.00019379270573457083,0.00866541670014461
2010,6,294.6207,51.6207,5.3448,26.1034,13.4828,1.1379,0.0000,7.929418119890936,2.097611690389699,0.12828621,0.0000,0.06644138,0.06727931,0.00221379,0.09382414,0.0000,0.18859310,0.1724,0.0673427928624482,0.010727965626223334
2010,7,868.5660,359.9151,33.8208,38.5849,15.7547,0.3302,0.0377,15.985297181696263,17.03668772949363,0.08635094,0.0000,0.09058302,0.02429151,0.00387453,0.14899528,0.0283,0.19385189,0.1415,0.001568414565210916,0.0332289152616143
2010,8,877.3400,69.6900,4.6100,24.4300,16.3200,0.3400,0.0200,10.889484868049621,14.496333026587964,0.06458400,0.0000,0.11595800,0.02684800,0.00580300,0.15806000,0.0100,0.18911600,0.0800,-0.0005375294806435704,0.00749999986961484
2010,9,488.1783,272.8992,31.2636,47.4884,13.8062,0.3333,0.0000,12.088549429132033,9.987298617991366,0.10320698,0.0000,0.08367752,0.03756357,0.00509147,0.14727984,0.0000,0.20229225,0.0620,-0.0046266509335516955,0.016984038560311925
2010,10,252.8571,3.9714,1.2286,23.1429,11.4857,0.5714,0.0286,5.980181557791574,0.7238095419747489,0.11941143,0.0000,0.06992000,0.04262286,0.00800857,0.10088286,0.0286,0.19116571,0.0571,0.019210085605404208,0.0
2010,11,321.2826,365.7826,44.4348,23.4783,11.3696,0.7391,0.2391,10.65213362030361,5.979739707449208,0.08566957,0.0000,0.07675652,0.04891522,0.00999130,0.10409565,0.0435,0.22558261,0.1304,0.048792608183525175,0.0011097826063632965
2010,12,1214.7564,942.4359,116.0769,34.6154,19.0641,0.7051,0.1795,11.547214061785967,2.4569987700535703,0.10774103,0.0000,0.11780769,0.05525256,0.00399744,0.09261795,0.0000,0.20385513,0.2692,0.03975833402140639,0.0023250384017443047
2011,1,243.2051,47.2051,7.6410,25.3077,9.4359,0.5385,0.0000,4.955325187780918,1.5121024938730092,0.10453590,0.0000,0.06828974,0.03461538,0.00779231,0.06134103,0.0513,0.29634103,0.1282,0.021353898665461786,0.01745015373214697
2011,2,322.4048,3617.7381,516.1667,35.2381,46.4762,0.2619,0.0238,23.910199823833647,2.6837704068138484,0.11912857,0.0000,0.04230714,0.02208571,0.00396190,0.04226429,0.0000,0.30260714,0.3571,0.08174007205248233,0.025074094844361145
2011,3,294.6071,92.5000,11.8571,30.3393,9.7321,0.6250,0.0536,5.401217307363238,1.6386868911130088,0.11753214,0.0000,0.08078929,0.06771429,0.00677857,0.06934286,0.0893,0.27246429,0.2500,0.02657569555698761,0.002525821461209229
2011,4,309.8649,254.3243,33.5405,35.1622,10.9730,1.2703,0.0541,6.028616035306776,2.0513316618429647,0.14175405,0.0000,0.09391892,0.06330541,0.00984324,0.08472162,0.0811,0.23570811,0.1892,0.03268221644936381,0.008999702646522908
2011,5,797.1286,524.1000,71.4429,31.0714,10.2571,2.2857,0.2286,5.937507138933454,1.4324600287846156,0.13446429,0.0000,0.09498857,0.05868143,0.00422857,0.09831143,0.0429,0.22963857,0.1000,0.012396271460290466,0.009013628693563598
2011,6,317.0435,190.9348,30.6739,34.8043,15.1087,0.5217,0.0435,6.65368520176929,1.7722443808679995,0.12315000,0.0000,0.12256522,0.03773696,0.00420000,0.09191739,0.0652,0.22991739,0.2174,0.073924760374686,0.011085478103031282
2011,7,420.5606,498.2121,60.7273,30.5758,10.1364,0.5909,0.1212,5.781678792202111,2.5783173965685293,0.10473636,0.0000,0.11933333,0.02484848,0.00650758,0.07405152,0.0758,0.23217121,0.1970,0.03582051533687098,0.006973393797648676
2011,8,405.3973,79.3562,13.0548,21.6575,10.6164,0.7397,0.1370,6.058355991154501,2.3922974769383263,0.13038904,0.0000,0.19911918,0.04958767,0.00766164,0.07984658,0.0685,0.23963836,0.2192,0.01634858930100725,0.01573358912480204
2011,9,282.7013,34.3896,4.3247,27.4026,10.8312,0.9740,0.0519,7.506317850831267,3.477204421897987,0.10112727,0.0130,0.12312987,0.04409610,0.00603377,0.08906494,0.0260,0.25886753,0.1688,-0.004046856595033949,0.0028081168602039287
2011,10,1021.9608,23.9706,3.0784,52.2647,13.1667,0.6569,0.1078,7.321974782382741,1.8201684086930519,0.12210784,0.0000,0.06255098,0.04329706,0.01068627,0.06899510,0.2941,0.21937745,0.4902,0.05920074419369556,-0.010631804007525537
2011,11,1945.8293,82.0000,8.7317,30.6829,9.0244,7.6098,0.1220,5.554449912978382,3.927264870666876,0.12457561,0.0488,0.09360000,0.03751463,0.00998780,0.07458537,0.0732,0.28467317,0.2927,0.022564000313783566,-0.012771000222461979
2011,12,418.8000,7.3500,1.4000,32.9167,10.7000,0.9000,0.0500,5.585921764373779,0.9847618858019511,0.13851667,0.0000,0.05283167,0.05519167,0.00654000,0.07343000,0.0333,0.20641333,0.1167,0.07635680028858284,0.010000000397364298
2012,1,2092.3377,260.2857,36.6494,20.6234,9.9740,8.2727,0.0779,5.855112695074701,2.662341644237568,0.13068831,0.0000,0.07796883,0.03556623,0.00490130,0.09152857,0.0390,0.24801429,0.1299,0.07645723480102304,0.009673441530435116
2012,2,369.2041,8.1837,1.6633,30.8980,10.7653,1.0918,0.0816,5.823531537639852,1.2842565531633339,0.11186633,0.0102,0.04670306,0.04825102,0.00713980,0.08656939,0.0306,0.19865000,0.2449,0.028940979895010894,0.004049234700446226
2012,3,384.5750,57.7000,7.7000,16.2000,7.0875,0.8750,0.1500,5.517560949921608,3.190141570568085,0.05902625,0.3750,0.05067875,0.02880625,0.00491125,0.05677750,0.0125,0.13667750,0.4375,0.029252600437030197,0.007780850282870233
2012,4,1099.7541,35.1148,3.1475,20.3279,16.3770,0.7377,0.0984,9.44748525932187,2.610553436591977,0.11231803,0.0000,0.23606885,0.06250984,0.01966230,0.12090492,0.0492,0.16739836,0.2787,0.06262214762754127,0.0
2012,5,334.0172,11.2759,1.8966,17.7069,10.6724,1.0000,0.2759,7.237776472650725,2.425397881146135,0.09313448,0.1552,0.08143276,0.05835517,0.01209483,0.06943966,0.0862,0.15794828,0.2241,0.03656544778817173,0.01217672408654772
2012,6,236.0723,51.6386,7.7108,22.1928,8.7952,0.2048,0.0241,5.27055408868445,1.0050534914775067,0.33046265,0.0361,0.10832771,0.01898434,0.01704819,0.12876867,0.1084,0.21401928,0.5663,0.0998916258496872,0.009096120585160083
2012,7,316.0179,16.6964,2.9286,30.2143,9.5357,0.7679,0.0893,5.923038895641055,2.0892176032066345,0.11138036,0.0000,0.08593750,0.05817857,0.00596607,0.09696071,0.0357,0.24779643,0.1429,0.03600164262960399,0.0029707857008491245
2012,8,450.5185,390.3333,52.6852,39.7593,11.0556,1.2963,0.2222,7.296893693782665,2.5434126500730163,0.09827407,0.0000,0.11810000,0.05622037,0.00913704,0.08635370,0.0926,0.19983704,0.1296,0.04745324043970969,0.00017135153110656474
2012,9,620.7222,10.5926,2.0741,37.9630,11.5370,1.2593,0.2407,6.255447294976976,1.5065235915007416,0.14221111,0.0000,0.06264259,0.04523889,0.00777407,0.08001667,0.1111,0.18924259,0.0370,0.07293470338400868,-0.018518518518518517
2012,10,476.5102,113.2857,14.9796,31.0816,11.6122,1.3878,0.0408,8.314006133955353,3.3793578537143008,0.13253265,0.0000,0.10222857,0.05513469,0.00945102,0.11498571,0.0204,0.16062857,0.0408,0.0903382455081945,0.015188020406937112
2012,11,398.8148,70.5370,9.0370,38.4074,9.3519,0.8148,0.0185,5.6291203852053044,1.8787537239215992,0.08794444,0.1111,0.06439630,0.04841481,0.00882778,0.10091667,0.0926,0.19928333,0.2593,0.06017907400167099,-0.0006253705704929652
2012,12,324.0185,49.5370,5.5000,27.0000,10.2963,0.9444,0.0185,5.690335631370544,3.4658662610583835,0.11957963,0.0000,0.04649074,0.05002778,0.00890000,0.09270185,0.0556,0.19630556,0.1296,0.08568387055183174,0.007330240750754321
2013,1,411.0909,45.3636,5.2000,30.4364,97.4727,1.0545,0.1455,12.557432040301236,3.850786070390181,0.09607273,0.0000,0.09393818,0.06909636,0.00645818,0.09599818,0.0000,0.21644545,0.2000,0.10401067259636793,0.006954545324498957
2013,2,1070.2973,70.2703,8.1892,24.1081,10.7297,0.5405,1.8919,5.915045867095122,2.1557556100793787,0.08833514,0.0000,0.04995405,0.03350811,0.00701892,0.05637297,0.0000,0.26858919,0.1351,0.0267687271777037,-0.005180188932934323
2013,3,286.6744,189.7209,27.1628,32.6047,8.3488,0.6279,0.0930,5.842387626337451,4.999296875887139,0.10362326,0.0930,0.15843256,0.03500000,0.00886977,0.06581628,0.0465,0.27349070,0.3721,0.0033059303410524544,0.0032482557431902995
2013,4,441.9310,116.1034,14.8046,29.7586,9.8966,1.7011,0.1609,7.598682715975005,2.7720607395829826,0.08784253,0.0345,0.09595287,0.07345747,0.00442989,0.08994023,0.0345,0.23744023,0.2529,0.016831023147565193,-0.001920804830974546
2013,5,342.9032,151.9677,18.5968,29.6129,11.8710,0.9839,0.0806,8.727521950198758,3.157233991930562,0.15226129,0.0000,0.08452097,0.10500968,0.00745645,0.10562419,0.0161,0.16852581,0.0484,0.011664289996148117,0.010227451581628091
2013,6,247.8421,157.1184,18.7763,24.5789,6.2763,0.5000,0.0263,4.887613760797601,4.618448301365501,0.06813947,0.2895,0.16441579,0.04144737,0.00738158,0.05554342,0.1316,0.21553816,0.6184,0.019944236809877974,0.005031210590938204
2013,7,550.0755,27.3208,3.2453,35.5283,10.5472,0.6792,0.0189,6.04817817346105,2.7119306528343343,0.12605660,0.0000,0.23171321,0.03254151,0.00735849,0.06071132,0.0000,0.23259623,0.3019,0.08395337675399375,0.006415094407099598
2013,8,314.0385,3.5000,1.1154,18.8846,11.3462,0.6154,0.0000,5.802587701724126,0.6025641147906964,0.06895385,0.0000,0.05905385,0.04077692,0.01419615,0.06262308,0.1538,0.17956923,0.1538,0.05367376881006818,0.0
2013,9,438.6167,79.0500,11.2167,27.6833,11.4167,1.6833,0.2167,5.6984802405039465,1.5252956748008728,0.12655667,0.0000,0.13222833,0.07130833,0.00605000,0.08663333,0.2000,0.23072500,0.3000,0.04308115023498734,-0.005469900251288588
2013,10,285.8727,27.4182,4.2364,27.0545,10.6364,0.7091,0.0545,5.992594367807562,1.92422081340443,0.13715636,0.0000,0.09940364,0.05443091,0.01002182,0.07498727,0.1455,0.23413455,0.1091,0.06149349102581089,0.009075763550671663
2013,11,287.8571,141.2500,20.6429,35.0714,8.7500,0.8571,0.0357,5.454078844615391,2.921694781099047,0.14558929,0.0000,0.08783571,0.05210357,0.00280000,0.07434643,0.0714,0.37602857,0.3571,0.056291892492611496,-0.007028750410037381
2013,12,298.9677,34.2903,3.7419,24.5484,10.1935,0.6774,0.0323,4.74706075268407,2.9067793507729807,0.10740000,0.0000,0.12839032,0.04392258,0.00504839,0.07029032,0.0645,0.27773548,0.0323,0.03445503223807581,0.0064516129993623305
2014,1,295.0000,39.7255,5.8627,40.7843,10.7451,1.1569,0.0000,6.624827553244198,1.6534739662619198,0.11756471,0.0000,0.08151373,0.07952353,0.00972157,0.10986471,0.1569,0.23180392,0.1373,0.07151631338923585,0.014656862864891687
2014,2,2479.7561,22.1220,2.7805,36.9512,10.5854,9.8780,2.7073,6.24399187506699,2.871202416536285,0.08109512,0.0244,0.06850488,0.03674634,0.00491220,0.09895854,0.0000,0.21037073,0.3415,0.04683485172870683,0.012195121951219513
2014,3,312.8657,100.6567,13.7313,24.8806,10.5373,0.9254,0.0746,7.999398850682956,3.419821931355035,0.12809701,0.0000,0.15208209,0.08680448,0.00567463,0.11569552,0.0149,0.21350000,0.1045,0.03842470153480761,0.02794689569733481
2014,4,504.4054,570.3649,81.7432,34.7432,11.1892,0.9324,0.2432,6.32004570316624,1.729136679623578,0.13809595,0.0135,0.14030541,0.04248919,0.00329189,0.08671622,0.0811,0.18943649,0.1216,-0.0023216899685763025,-0.013106432479076289
2014,5,477.0968,14.6452,1.8065,34.8065,11.9032,0.8871,0.0645,11.87408386891888,3.6512544424303117,0.10349839,0.0000,0.07820484,0.06606613,0.00276613,0.11390806,0.0484,0.15597097,0.2097,0.024259467721886693,0.0008064518051762734
2014,6,653.2597,478.2338,55.3896,35.7013,11.3377,0.8182,0.0519,6.988101305899682,3.2426895243780955,0.10282597,0.0000,0.12179481,0.05261948,0.00597273,0.08251169,0.0130,0.20839610,0.1818,0.05912158499145276,-0.0005179220786342373
2014,7,966.5536,9.9286,1.6250,27.3214,9.6429,0.5357,0.7500,5.734935628516333,1.1786920854023524,0.13607857,0.1071,0.05963929,0.04254643,0.01292143,0.07018036,0.0000,0.19674107,0.3929,0.0792913933816765,0.0
2014,8,550.8125,36.7375,5.3750,34.6000,11.3500,0.9875,0.1000,5.529639729857445,1.6849447663873434,0.12450625,0.0000,0.05525875,0.04313875,0.00722750,0.06607125,0.0625,0.20422250,0.0375,0.03424912553746253,0.004017850011587143
2014,9,258.3774,152.6415,20.2264,30.6792,11.2264,1.3019,0.1132,6.872856985847905,2.887327823998793,0.11744717,0.0377,0.09460943,0.09958302,0.00670755,0.12283774,0.0377,0.20208491,0.2830,0.058632810362878277,0.012510830360763479
2014,10,506.4762,37.1667,4.9286,32.2381,10.2738,0.9167,0.0952,5.459321056093488,1.8007712761561077,0.13298929,0.0119,0.08271667,0.04408929,0.00431071,0.09607738,0.0119,0.22289167,0.2262,0.03413815575740522,-0.01165945189339774
2014,11,332.7955,49.2500,7.4545,34.3409,11.1136,1.2727,0.0682,6.326268418268724,1.9762551892887463,0.09877955,0.0000,0.09385909,0.08292273,0.00651818,0.10339318,0.0000,0.19196818,0.1136,0.04986477316230197,-0.003385022705928846
2014,12,1019.9286,67.6429,8.5476,28.0952,11.4286,0.6667,0.0952,7.016386679240635,2.4189644086928594,0.10186429,0.0000,0.11610952,0.06441905,0.00283095,0.11515000,0.0000,0.18038095,0.3810,0.08045293024874159,0.025748785230375472
2015,1,434.2069,919.1034,130.9655,42.1724,10.2414,0.9655,0.0517,7.176216713313399,3.749778048745517,0.11782414,0.0000,0.09911034,0.07589655,0.00731724,0.10975172,0.0345,0.22783793,0.1552,0.03854448267997339,-0.0001453619474416663
2015,2,481.9400,39.1800,5.2000,42.1600,10.7800,1.1000,0.0400,7.120103368759155,3.4806532669067383,0.08647200,0.0000,0.06962200,0.06482800,0.01014400,0.08534800,0.0200,0.23834200,0.2400,0.043322919327765705,0.01583370000123978
2015,3,266.8387,85.6613,11.5161,27.4516,10.0806,0.9194,0.0645,5.208940813618321,2.9357652510366132,0.14280806,0.0000,0.07418065,0.04935000,0.00395484,0.07267581,0.0161,0.23861935,0.1935,0.08566809678450227,0.01040735465264128
2015,4,529.2683,34.6707,4.0488,36.4268,11.3171,1.5366,0.1707,7.010841727256775,2.6487467405272693,0.11234878,0.0000,0.06520488,0.05212927,0.01199512,0.09937317,0.0366,0.20629756,0.0610,0.02037597518050816,-0.010873987907316626
2015,5,891.0909,303.9697,40.4545,34.1515,11.6667,1.7879,0.0909,7.466204498753403,2.926695794770212,0.14122424,0.0000,0.07601212,0.03933030,0.00743636,0.10397273,0.0606,0.17370909,0.3030,0.050211090806194326,0.003838121552358974
2015,6,323.1765,278.2745,34.5882,37.9216,10.9804,1.0980,0.0784,6.357723937315099,2.79936219664181,0.10970784,0.0000,0.16254510,0.06198039,0.00544510,0.10326667,0.1176,0.21120392,0.3529,0.04387204002077673,-0.013344156829749836
2015,7,758.5366,316.4390,36.6341,35.1220,12.4756,2.1951,0.2927,7.235960471920851,3.5753979915525855,0.10837561,0.0122,0.07641951,0.05638171,0.00718293,0.08515366,0.0244,0.24520244,0.3171,0.018820511892710518,0.032453171352333415
2015,8,1851.2267,59.4933,8.6533,40.4933,12.0267,10.4933,0.6133,7.212151244481404,1.5009744707743327,0.14099200,0.0000,0.06802000,0.09463333,0.00757600,0.10833467,0.0667,0.17402933,0.2667,0.08001869370539984,0.0017644133046269418
2015,9,447.6053,371.7719,52.8596,36.3509,11.2632,3.4123,0.0526,6.902516877442076,2.482000972095289,0.10408421,0.0000,0.06808246,0.07813333,0.00729474,0.09921140,0.0439,0.19052895,0.1667,0.056099947052803543,-0.0016427806725627498
2015,10,375.1196,161.1413,16.0109,40.6848,10.1196,0.7391,0.0761,7.187487591867861,6.403559503347977,0.11942500,0.0000,0.09096087,0.02201196,0.00289348,0.11647174,0.0326,0.20772391,0.1522,0.09025468475896481,-0.005286597801149701
2015,11,488.3019,154.3585,18.0189,28.3019,11.2642,1.4151,0.0000,6.081893970381539,1.3053277123649165,0.09346415,0.0000,0.09010377,0.04655849,0.01140566,0.08779057,0.0377,0.20585472,0.1887,0.06409983108487893,0.004724018838045732
2015,12,328.1270,78.0159,9.1905,33.0476,10.4444,0.6825,0.0635,7.237057791815864,5.333544246734134,0.10148254,0.0000,0.09732857,0.08112540,0.01634286,0.10702857,0.0159,0.22763175,0.1905,0.01635347620125801,0.007552603318814247
2016,1,972.4107,145.4821,16.3214,47.8214,12.8571,2.2321,0.1250,6.058239208800452,1.6761930074010576,0.11033036,0.0000,0.05531607,0.05470893,0.00650000,0.08060000,0.0893,0.16432500,0.3571,0.06465726781503431,0.017521107303244726
2016,2,421.2766,100.8511,10.1702,51.8511,11.7021,2.2128,0.0638,9.162518288226838,2.502703179704382,0.10794468,0.0000,0.08326170,0.11109149,0.00533617,0.13685957,0.0213,0.16423404,0.6170,0.0753684252342011,-0.010638297872340425
2016,3,1472.7308,96.0385,11.6538,39.0385,13.3462,2.8846,0.2308,7.634158189480122,0.8662029596475455,0.11176154,0.0000,0.10805769,0.05632692,0.00254615,0.10731923,0.1923,0.13901154,0.2692,0.07438834570348263,0.006433807886563814
2016,4,435.8462,11.5769,1.8846,41.5769,10.8077,0.5000,0.0385,5.276223237697895,1.691025660588191,0.07082692,0.0000,0.04156923,0.02954231,0.01320000,0.08153846,0.0000,0.20045769,0.3462,0.09042165371087882,0.05000000045849727
2016,5,356.5000,97.3810,10.9524,21.4286,10.6667,1.0238,0.0238,5.1218242191133045,1.9786735262189592,0.15435000,0.0000,0.10352857,0.03394762,0.00749762,0.08478571,0.0238,0.23877857,0.1905,0.0029928813732805707,0.022685166758795578
2016,6,629.1731,61.8846,4.1731,43.1490,10.9423,1.6154,0.1058,17.45934046461032,20.05402435706212,0.13768413,0.0000,0.06573990,0.12968510,0.00325240,0.10993077,0.0000,0.12098365,0.2067,0.0251944712542284,0.0205616970331623
2016,7,893.3415,5.3415,1.0488,78.3171,12.8293,2.6829,0.0000,7.518680194529091,1.6341463414634145,0.14312195,0.0000,0.06142927,0.05224390,0.00290976,0.09885122,0.0732,0.16227805,0.7073,-0.08561924363418323,0.0
2016,8,223.9000,72.3000,9.8000,31.7000,9.8000,0.8000,0.0000,5.367229843139649,0.6887639999389649,0.07475000,0.0000,0.05998000,0.06750000,0E-8,0.08191000,0.0000,0.26037000,0.1000,-0.014065400511026383,-0.015093499422073364
2016,9,406.5926,53.3333,5.6296,41.2593,10.9259,0.5556,0.1852,10.791757742563883,3.9926548180756747,0.05996667,0.0000,0.04155926,0.02174444,0.00996667,0.09713333,0.0741,0.18540370,0.0741,0.05181022226396534,0.004954814910888672
2016,10,254.7500,138.9375,10.6875,29.5000,9.6250,1.3750,0.0000,5.890680432319641,1.744459867477417,0.06867500,0.0000,0.07330625,0.07580625,0.00491250,0.10131250,0.0625,0.26718125,0.3750,0.07690975110745057,-0.0015625000232830644
2016,11,556.5455,39.5455,2.5909,41.5455,11.1818,0.6818,0.0455,8.479375730861317,4.895075776360252,0.11744545,0.0000,0.05883182,0.04418182,0.00680000,0.12462727,0.0455,0.18380455,0.5909,-0.010022000494328413,0.0
2016,12,620.8889,4536.0556,573.1667,54.2222,11.1667,1.2222,0.1667,13.016346269183689,10.86705207824707,0.16911111,0.0000,0.11875000,0.05363889,0.00063889,0.15433889,0.0556,0.12160556,0.1111,0.048190278156350054,0.004175666719675064
2017,1,234.1765,66.3235,8.8235,31.7500,8.2941,0.7794,0.8382,6.35711798247169,5.934643401819117,0.08813088,0.1618,0.07015000,0.05041029,0.01721618,0.08402647,0.0294,0.19876324,0.4265,0.008606411996023619,0.005040837944868733
2017,2,220.9327,64.9231,9.2019,31.2692,3.8462,0.5577,0.0192,4.273508204863622,3.2351620609943685,0.16081635,0.5192,0.02095577,0.02235192,0.00263173,0.02961058,0.0385,0.19884712,0.5577,0.005139605840668082,0.00866028843805767
2017,3,9465.7917,142.9375,18.0208,55.5000,11.2708,14.6875,0.0000,5.639899601538976,2.2968513468901315,0.08377500,0.0000,0.10205833,0.03906458,0.00784167,0.08122917,0.0000,0.22894167,0.1667,0.04306797958755245,0.002722770945789913
2017,4,629.2500,64.6500,11.4000,12.7000,11.1500,0.8500,0.0000,5.807224321365356,1.9107430934906007,0.08665000,0.0000,0.04958000,0.06119500,0.00676000,0.09098500,0.0500,0.18917000,0.0500,0.0063763996586203575,0.007451000064611435
2017,5,246.9118,4759.0000,651.5000,25.6471,9.7206,0.6765,0.0441,5.674217161010294,1.9337058207568,0.12233088,0.0441,0.07921765,0.04377059,0.00956324,0.09326029,0.0294,0.21573529,0.3235,-0.018905970624045414,0.00360539708943928
2017,6,367.3492,141.8571,16.6984,29.8254,10.9841,1.3968,0.0952,6.6671569763668,1.5647339820861816,0.09550952,0.0000,0.07463333,0.10481429,0.00419841,0.11798254,0.0159,0.23335079,0.1587,0.056764031656914286,0.005449555577739837
2017,7,316.7013,14.4675,1.7922,35.7792,10.4545,1.2987,0.0260,6.821885378329785,2.0851577191383805,0.13581818,0.0260,0.12468442,0.09634675,0.00322208,0.13097403,0.0260,0.15662208,0.1169,-0.05214433733664163,0.015584416203684621
2017,8,497.6304,16.4565,1.8043,42.6522,11.5652,1.6087,0.0217,9.463870380235756,2.7308488507633624,0.10865652,0.0000,0.08608696,0.06740652,0.00552391,0.11307609,0.0435,0.17695652,0.5652,0.02774876011940448,0.0
2017,9,764.8913,22.5435,2.8913,65.2609,10.3913,2.4565,0.2609,7.2793015759924184,3.41328501701355,0.11615870,0.0000,0.05892609,0.09527174,0.00542174,0.10835217,0.0217,0.22999348,0.2391,0.03209024084650952,-0.003260869694792706
2017,10,839.8545,47.2727,3.5455,41.6909,12.4727,2.4909,0.4727,7.118511078574441,3.072943011197177,0.10249636,0.0000,0.06419636,0.07757636,0.01022364,0.11274727,0.0182,0.17138545,0.0545,0.019118200441483747,-0.013636363636363636
2017,11,702.8605,26.2791,3.9535,42.7442,11.3488,1.4884,0.2558,6.107816150022107,1.472169507381528,0.13753953,0.0000,0.04622326,0.05111860,0.00767907,0.08617209,0.0000,0.21436977,0.3023,0.03287134895664315,-0.003633720930232558
2017,12,636.0000,14.0741,1.7778,32.9630,13.4815,1.0370,1.0000,6.531243818777579,0.4331722965946904,0.15593704,0.0000,0.11656667,0.08307037,0.01490741,0.09261111,0.0370,0.15590370,0.0741,0.0014481111257164567,0.0
2018,1,200.0000,306.7857,34.7857,33.3571,8.5714,1.0714,0.0000,5.620435476303101,1.5877025127410889,0.16387857,0.1429,0.16564286,0.06957143,0.00287143,0.08526429,0.0000,0.17615714,0.4286,0.045158715652568,0.0037555000079529627
2018,2,581.5769,37.5769,6.2308,33.2308,10.6923,1.6923,0.1538,5.206450508191035,0.7690335053663987,0.07534231,0.0000,0.05398462,0.04811538,0.00270000,0.07220385,0.1923,0.18967308,0.1538,0.06906123101138152,0.021297115402726028
2018,3,620.1667,118.5333,14.1333,39.1000,11.3000,0.6667,1.6667,6.973878828684489,6.631810522079467,0.07791000,0.0000,0.06809000,0.04564667,0.00252000,0.09048333,0.0000,0.19759667,0.0667,0.020682299402930465,0.0038888998950521152
2018,4,215.8611,70.6111,7.6389,45.5000,11.4444,0.7222,0.1667,8.073569112353855,3.1458708312776356,0.07668889,0.0000,0.11705000,0.03901389,0.00534167,0.10470833,0.0556,0.16679444,0.2778,0.08156222237610361,-0.01009311123440663
2018,5,168.0645,65.3871,7.9032,38.6129,9.6129,0.6774,0.0000,6.736005406225881,3.5451269611235587,0.08176129,0.0000,0.11615806,0.04761290,0.00371290,0.12013871,0.0000,0.26995806,0.1290,0.030668968875561992,0.015285935493246201
2018,6,322.7586,28.7586,4.0690,25.6552,10.3103,1.1724,0.1034,8.89415717947072,2.1904428580711626,0.12850345,0.0000,0.05505172,0.06626207,0.00473103,0.10298966,0.0000,0.22606897,0.1379,0.0009415168315172195,-0.02758620692224338
2018,7,588.6667,110.3333,11.7778,59.3889,9.8333,1.0000,0.1111,8.054245750109354,8.316317478815714,0.12922222,0.0000,0.05532222,0.07983333,0.00612222,0.09078333,0.0000,0.32565000,0.2778,0.008173055532905791,0.016203722192181483
2018,8,167.0526,11.1579,1.8421,42.3158,10.6316,0.3158,0.0000,6.759052502481561,0.41551246141132553,0.09413158,0.0000,0.09288421,0.02771579,0.05285263,0.09740526,0.0000,0.17466316,0.0526,0.018224526000650304,0.008771947339961403
2018,9,304.5000,17111.1000,2226.8500,25.0500,9.6000,0.7000,0.2500,5.321496075391769,2.4728944063186646,0.12337500,0.0000,0.08111000,0.03518000,0.00463500,0.08172500,0.0000,0.29055000,0.0500,0.04862095043063164,-0.0036434004083275794
2018,10,212.2105,1861.6316,203.5263,34.0000,7.8947,1.0000,0.0000,4.1602734013607625,2.7648031335127983,0.09697368,0.0000,0.04929474,0.02970000,0.00312632,0.08372105,0.0000,0.39716316,0.5263,0.004978104347461148,-0.0749370009687386
2018,11,171.6449,8.7174,0.7464,13.2101,4.6449,0.4203,0.1232,5.4977810935697695,5.039768796036209,0.05297391,0.6232,0.02088406,0.02867609,0.00092174,0.03625942,0.0145,0.06507391,0.6812,0.01811034787122322,0.005797101535658905
2018,12,686.7862,57.6897,5.6276,52.1655,12.4690,1.3517,1.0552,7.998076511251515,5.040445597418423,0.09362345,0.0138,0.04277241,0.06127793,0.00423034,0.08196897,0.1034,0.20847241,0.1034,0.007635979242381993,0.002751862026494125
2019,1,713.5192,25.9038,2.6923,43.2500,11.7308,1.1923,0.8654,6.700764362628643,3.7357148207150974,0.11399615,0.0385,0.06849423,0.07044038,0.00427308,0.08357500,0.0192,0.21260577,0.1923,0.08355936458191046,-0.0032051346049858974
2019,2,275.4605,36.3618,4.1382,49.9342,7.5197,0.8750,0.0592,5.591620994241614,3.3820655941963196,0.12429803,0.3355,0.03143947,0.03024408,0.00168421,0.05596382,0.0197,0.14799145,0.0658,0.022382690891390666,-0.001562500102935653
2019,3,144.6338,25.2254,2.8169,59.1690,8.9155,0.6056,0.0000,7.124763189906806,3.4146170817630392,0.10589155,0.0000,0.05054789,0.04841549,0.00217183,0.06934930,0.0000,0.24602113,0.0986,0.039767394262090534,0.015492957977341935
2019,4,299.0000,31.0714,4.9184,34.5408,10.5000,1.2041,0.0714,6.554220476929022,3.129080514518582,0.12348673,0.0000,0.05220102,0.07198163,0.00936735,0.08708776,0.0000,0.22405714,0.1122,0.02008539814578027,0.009687693979667157
2019,5,331.1311,23.5410,2.8197,30.1803,9.7705,2.2131,0.0328,6.35114860534668,2.6437097690144524,0.08093770,0.0000,0.11215082,0.08862295,0.00566721,0.10902787,0.0164,0.20825246,0.1148,0.0818178193246732,0.004534803269827952
2019,6,261.5200,22.3800,2.8800,30.6000,9.9200,0.9800,0.0600,6.804230375289917,2.6016048908233644,0.10647200,0.0000,0.04887800,0.05817400,0.00590600,0.11199800,0.0200,0.24493000,0.0600,0.05647448046132922,-0.005999999642372131
2019,7,143.0000,501.7097,71.4516,24.7419,7.8710,0.5484,0.0968,5.5769332070504465,2.0062414907640025,0.11666452,0.0000,0.17966129,0.04034194,0.02100645,0.10152903,0.0645,0.34733226,0.4516,-0.05337241844784829,0.0021810322519271604
2019,8,1243.8000,69.1000,5.0800,68.5400,12.6200,18.2000,0.1400,10.272777061462403,11.429962158203125,0.11909200,0.0000,0.09297000,0.03918400,0.00189400,0.13770400,0.0000,0.17504200,0.5600,0.005197722613811493,0.009380939602851867
2019,9,331.9487,391.5385,55.6410,30.2821,10.3077,0.9231,0.2564,14.17235797490829,9.66159855402433,0.12382564,0.0000,0.09990769,0.06772051,0.00886410,0.08804615,0.0513,0.23344872,0.2308,0.04706305069610094,-0.0007484870222516549
2019,10,1295.4074,296.3333,29.1111,27.5926,20.7407,1.1481,0.0000,42.66489869576913,2.2712068910951966,0.07708519,0.0000,0.09823704,0.05573704,0.00258148,0.12798519,0.0000,0.11805556,0.0741,0.049741704016923904,0.0007587037290687915
2019,11,260.3333,4.2500,0.8333,20.1667,9.5833,1.0000,0.0000,6.5648835102717085,1.4166666666666667,0.07630833,0.1667,0.08696667,0.05806667,0.00490833,0.09400000,0.0833,0.12475000,0.3333,0.014374915510416031,0.0
2019,12,273.9167,78.1667,4.6250,32.3333,10.8750,1.0000,0.7500,18.941710193951923,16.519893606503803,0.11220417,0.0000,0.08559167,0.07832083,0.00482083,0.16376250,0.0000,0.13168750,0.1250,0.06511199885668854,0.0028409166261553764
2020,2,238.0000,7.0000,1.3333,21.6667,12.0000,1.3333,0.0000,6.833333333333333,1.2222223281860352,0.02563333,0.0000,0.08333333,0.09373333,0.01150000,0.15363333,0.0000,0.19870000,0.3333,0.041666666666666664,0.0
2020,4,127.8000,25.0000,2.4000,52.2000,8.6000,1.4000,0.0000,7.694949340820313,5.55,0.12288000,0.0000,0.11722000,0.06342000,0E-8,0.18436000,0.0000,0.16186000,0.0000,0.0,0.0
