2017-07-12,2017-11-04,761
2008-09-14,2008-10-16,223
2018-12-29,2018-12-29,38
2010-03-19,2010-03-19,121
2010-03-01,2010-03-01,183
2007-09-16,2007-09-16,212
2006-01-10,2006-01-10,107
2015-03-17,2015-03-17,49
2011-06-08,2011-06-08,4
2012-08-21,2012-08-23,75
2013-10-10,2013-10-10,7
2014-01-27,2014-02-01,39
2008-04-10,2011-04-12,178
2010-02-03,2010-02-03,84
2013-05-03,2013-06-30,16
2015-01-19,2015-01-19,3
2006-04-14,2006-04-18,31
2010-02-12,2010-02-12,102
2004-10-14,2013-03-06,696
2010-02-02,2010-02-02,10
2008-01-30,2008-01-30,102
2010-02-03,2011-06-01,85
2006-10-18,2007-03-12,166
2018-03-10,2018-05-22,67
2011-10-03,2012-05-11,42
2012-06-18,2012-06-18,87
2013-04-12,2013-04-12,21
2005-11-29,2008-09-01,96
2008-02-22,2008-02-22,211
2006-12-07,2006-12-07,284
2011-03-02,2011-03-02,84
2015-09-07,2016-06-01,51
2011-05-05,2011-05-05,120
2005-01-05,2005-08-11,26
2006-05-12,2006-05-12,8
2006-05-16,2006-05-16,75
2013-02-03,2013-02-03,73
2006-10-29,2011-02-15,286
2006-05-17,2006-09-25,22
2005-10-20,2007-07-27,75
2019-04-30,2019-07-02,151
2013-09-02,2014-05-12,24
2005-09-03,2005-09-03,8
2007-07-18,2007-07-18,23
2011-04-20,2011-04-20,16
2017-05-30,2017-05-30,3
2007-03-08,2007-03-08,35
2002-11-16,2002-12-04,268
2019-03-18,2019-03-18,68
2010-06-02,2010-06-02,4
2011-07-06,2011-07-06,21
2015-02-13,2015-02-13,93
2016-12-05,2016-12-05,16
2012-02-22,2012-03-29,19
2007-11-06,2008-12-04,228
2016-02-14,2016-02-15,88
2011-08-11,2011-08-11,102
2014-09-18,2014-09-18,23
2013-06-30,2014-05-19,148
2016-06-28,2016-06-28,11
2016-11-25,2016-11-25,9
2009-06-18,2010-04-20,119
2014-04-04,2014-04-04,7
2017-03-28,2017-03-28,1
2019-11-13,2019-11-13,1
2011-03-21,2011-06-09,132
2011-03-16,2011-03-16,83
2011-09-03,2011-09-04,18
2007-11-28,2007-12-12,16
2019-04-15,2019-04-15,10
2005-08-20,2005-08-20,4
2018-04-20,2018-04-20,30
2014-08-26,2014-08-26,7
2011-03-15,2011-03-28,91
2006-07-02,2006-07-03,7
2015-08-19,2015-08-19,29
2006-06-05,2006-08-18,92
2010-03-02,2010-04-29,52
2007-03-05,2007-03-05,15
2007-01-30,2007-01-30,95
2011-10-19,2011-10-19,4
2017-02-13,2017-02-13,5
2010-02-03,2011-05-09,113
2017-05-30,2017-05-30,6
2013-05-27,2013-05-27,6
2019-12-24,2019-12-24,82
2006-05-15,2009-11-23,447
2017-08-27,2017-08-27,18
2015-02-17,2015-02-17,28
2007-02-22,2007-02-22,11
2011-11-04,2012-01-24,5
2012-09-24,2012-09-24,1
2011-10-06,2011-10-06,9
2006-11-01,2007-04-24,185
2015-01-16,2015-01-16,37
2007-07-24,2007-07-24,12
2014-06-24,2014-08-03,37
2016-09-24,2016-09-24,6
2006-03-20,2007-08-13,228
2014-10-28,2014-10-28,8
2018-11-27,2018-12-08,188
2019-02-08,2019-02-22,336
2013-07-29,2013-07-30,73
2013-04-16,2013-04-16,90
2012-08-24,2012-12-03,270
2017-11-15,2017-11-15,17
2014-08-04,2014-08-04,43
2006-11-16,2006-11-16,23
2006-04-12,2010-10-14,195
2007-11-02,2007-11-02,3
2012-02-09,2012-02-09,8
2006-04-15,2006-11-28,7
2010-03-11,2010-03-11,113
2011-06-23,2011-06-23,70
2014-10-31,2014-10-31,2
2014-11-07,2014-11-07,10
2010-11-19,2010-11-19,12
2011-02-08,2011-02-08,5
2010-04-22,2010-04-22,41
2007-07-23,2007-07-23,9
2011-09-18,2011-09-18,12
2018-07-27,2018-07-27,70
2010-12-26,2010-12-28,17
2015-10-06,2015-10-06,3
2013-11-27,2013-11-27,14
2015-02-26,2015-11-20,81
2017-11-12,2017-11-12,54
2005-05-27,2009-01-29,126
2011-10-01,2011-12-05,76
2011-02-16,2013-03-13,154
2016-06-03,2016-06-03,24
2013-05-08,2013-05-08,40
2005-01-16,2005-01-16,11
2007-09-14,2007-09-14,23
2014-09-08,2014-09-08,75
2015-11-17,2015-11-17,5
2009-03-20,2009-03-20,17
2012-02-04,2012-02-05,6
2014-03-19,2014-06-24,68
2014-03-27,2014-05-12,108
2014-03-20,2014-05-12,87
2010-06-06,2010-06-06,2
2010-04-21,2013-10-25,59
2005-10-03,2006-07-27,53
2015-09-08,2015-09-08,19
2009-03-08,2009-03-23,20
2010-02-25,2010-02-25,83
2008-03-28,2008-03-28,70
2011-10-21,2011-11-24,19
2014-11-07,2014-11-07,5
2014-11-08,2014-11-08,5
2014-11-10,2014-11-10,10
2014-11-10,2014-11-10,10
2014-11-11,2014-11-11,12
2008-10-06,2010-04-22,79
2008-02-22,2008-03-10,10
2011-09-20,2011-09-20,40
2018-10-11,2019-07-05,30
2014-10-11,2014-10-11,2
2007-05-08,2007-05-08,2
2015-09-25,2015-09-25,32
2007-07-24,2007-07-24,34
2006-08-12,2007-11-22,39
2006-05-24,2006-09-05,79
2010-12-25,2010-12-25,5
2013-05-26,2013-05-26,36
2018-12-28,2019-01-07,68
2011-03-12,2011-03-12,4
2017-05-11,2017-05-11,29
2015-04-13,2015-04-13,3
2006-12-17,2006-12-17,32
2012-06-29,2012-06-29,3
2005-08-17,2005-08-17,91
2011-07-25,2011-07-25,125
2005-09-03,2005-09-03,8
2014-12-02,2014-12-02,25
2009-09-15,2009-09-15,52
2018-01-02,2018-01-02,50
2006-11-02,2008-06-19,34
2016-06-06,2016-06-06,12
2012-04-16,2012-04-16,16
2014-10-16,2014-10-16,38
2008-02-21,2008-02-21,2
2017-10-02,2017-10-02,1
2014-04-24,2014-04-24,4
2011-08-20,2011-11-24,127
2017-07-20,2017-07-20,60
2017-07-19,2019-10-28,5
2010-04-26,2010-04-26,63
2007-06-13,2007-06-13,26
2012-05-31,2012-05-31,33
2013-10-05,2013-10-05,22
2008-12-12,2011-10-06,169
2008-07-29,2009-04-14,57
2015-07-05,2015-07-05,7
2017-05-10,2017-05-10,43
2006-05-24,2006-10-06,46
2015-01-23,2015-01-23,23
2005-11-16,2005-11-16,21
2013-07-22,2013-07-22,6
2005-12-08,2005-12-08,2
2006-02-17,2006-02-17,27
2011-09-07,2013-01-18,20
2015-03-28,2015-03-28,22
2013-02-11,2013-02-11,62
2007-07-05,2007-07-05,28
2015-09-02,2015-09-02,15
2018-10-24,2018-10-24,42
2008-04-11,2008-04-11,60
2006-02-03,2006-02-03,2
2006-10-13,2007-03-05,420
2015-03-28,2016-06-02,799
2010-12-26,2010-12-26,6
2010-02-25,2010-03-02,11
2006-08-29,2006-08-29,4
2008-02-28,2008-04-05,47
2007-06-10,2007-06-10,77
2018-05-27,2018-05-27,13
2008-03-01,2008-03-01,23
2005-10-23,2005-10-23,10
2015-10-11,2015-10-11,7
2011-10-18,2011-10-18,16
2005-10-10,2005-10-10,2
2006-05-24,2006-05-24,142
2007-01-10,2007-01-10,17
2015-06-04,2015-06-04,1
2017-08-26,2017-08-26,1
2017-02-23,2017-03-14,48
2003-02-14,2003-02-14,2
2012-10-10,2012-10-10,60
2011-10-23,2011-10-23,8
2006-04-24,2006-06-23,112
2006-04-06,2006-11-29,267
2012-08-24,2012-08-24,10
2015-04-01,2015-04-01,17
2006-09-04,2007-04-03,40
2012-03-21,2012-03-21,9
2011-09-09,2011-09-09,3
2015-03-29,2015-03-29,19
2015-03-30,2015-03-30,9
2006-03-26,2006-03-26,18
2015-12-04,2016-01-16,197
2005-03-15,2005-03-15,2
2006-12-29,2008-09-10,23
2011-12-14,2011-12-14,4
2008-12-13,2008-12-13,2
2010-04-24,2010-04-25,7
2005-07-31,2005-07-31,2
2016-03-20,2019-09-12,56
2011-12-29,2011-12-29,27
2012-01-04,2012-01-04,17
2012-01-19,2012-01-19,5
2012-07-25,2012-07-25,6
2006-01-04,2006-01-04,9
2013-09-09,2013-10-04,47
2013-04-18,2013-05-27,165
2012-01-08,2012-01-08,81
2013-08-05,2013-08-05,47
2010-03-14,2010-03-14,52
2010-07-13,2010-07-13,1
2008-08-29,2008-08-29,29
2017-07-16,2017-07-16,1
2013-07-27,2013-07-27,19
2016-01-02,2016-01-02,8
2019-04-05,2019-04-18,39
2013-07-08,2013-07-08,5
2006-12-12,2007-03-06,113
2018-06-25,2018-06-25,62
2007-01-23,2007-01-23,104
2011-10-04,2011-10-04,16
2015-02-03,2015-02-03,14
2006-11-02,2006-11-02,171
2015-01-19,2015-01-19,7
2011-04-22,2011-07-08,15
2015-02-24,2015-02-27,16
2013-03-28,2013-03-28,10
2014-06-12,2015-02-19,32
2009-01-27,2009-01-27,18
2010-12-07,2011-03-01,54
2016-01-15,2016-01-15,43
2011-07-01,2012-01-09,86
2019-06-04,2019-06-04,1
2016-06-14,2016-06-14,47
2010-09-02,2012-01-10,252
2012-07-31,2012-07-31,11
2009-07-29,2009-07-29,8
2008-07-08,2008-07-08,3
2006-05-25,2006-05-31,22
2012-05-12,2012-05-17,18
2018-11-11,2018-11-11,19
2013-05-13,2013-05-13,86
2015-02-24,2015-02-24,57
2015-09-11,2015-09-20,14
2016-09-02,2016-09-02,7
2015-10-16,2015-10-16,19
2005-05-11,2009-07-14,45
2012-01-05,2012-01-05,87
2010-09-29,2010-11-24,14
2011-09-06,2013-09-04,25
2013-07-30,2014-06-30,72
2007-03-05,2007-04-16,29
2011-12-23,2011-12-30,13
2010-06-25,2018-05-10,54
2011-09-09,2011-10-02,118
2013-06-15,2013-06-15,14
2013-04-15,2013-04-15,1
2004-01-06,2004-01-06,7
2005-07-25,2007-08-27,24
2011-09-07,2011-09-07,55
2014-06-09,2014-06-09,13
2013-10-15,2013-10-15,1
2006-08-13,2006-08-13,26
2010-03-10,2010-03-10,40
2014-10-22,2014-10-22,3
2011-02-17,2011-02-17,1
2019-10-02,2019-10-02,12
2009-04-12,2009-05-04,34
2009-05-18,2009-05-27,7
2008-05-19,2008-05-19,29
2013-11-02,2013-11-02,6
2007-04-02,2007-04-02,4
2014-06-26,2014-08-18,35
2008-02-14,2008-02-14,2
2014-04-22,2014-04-26,24
2013-12-06,2013-12-06,32
2013-01-16,2013-01-16,4
2013-08-22,2013-08-22,1
2012-03-14,2012-03-14,14
2019-03-14,2019-03-14,44
2010-11-04,2010-11-04,4
2007-01-18,2007-01-18,34
2013-10-31,2014-03-04,10
2015-12-01,2015-12-01,9
2005-11-18,2007-01-03,100
2013-07-19,2013-07-19,4
2018-01-21,2019-07-07,22
2006-01-17,2006-01-17,15
2009-11-23,2009-11-23,3
2006-03-28,2006-07-26,18
2011-04-01,2011-04-01,81
2005-11-30,2005-11-30,9
2007-09-11,2007-09-11,12
2015-07-01,2015-07-01,18
2016-03-16,2016-06-22,20
2019-07-24,2019-07-24,6
2009-10-28,2009-10-28,8
2011-03-14,2011-03-14,10
2014-07-27,2014-07-27,40
2015-08-12,2015-08-12,12
2015-04-23,2015-04-23,5
2007-05-13,2007-05-13,10
2011-11-23,2011-11-23,63
2012-12-15,2012-12-15,3
2013-06-11,2013-06-14,112
2016-08-10,2016-08-10,12
2012-03-15,2012-03-15,2
2017-10-17,2017-10-17,8
2007-09-11,2007-09-11,81
2018-06-10,2018-06-10,5
2015-04-27,2015-04-27,51
2019-03-07,2019-03-10,40
2013-04-16,2013-04-16,1
2010-09-18,2010-09-18,4
2014-03-04,2014-03-04,6
2006-05-23,2006-05-23,3
2006-05-10,2006-06-13,15
2012-06-19,2012-06-19,12
2012-11-28,2012-11-28,9
2015-01-23,2015-01-23,15
2013-05-28,2013-09-05,288
2005-04-04,2005-04-04,12
2011-10-14,2011-10-14,77
2013-12-17,2013-12-17,27
2007-03-20,2007-03-20,7
2015-07-01,2015-07-24,32
2017-10-04,2017-10-04,7
2014-11-07,2014-11-07,4
2007-03-06,2007-03-07,29
2014-07-29,2014-08-04,23
2006-09-20,2006-10-27,53
2012-01-23,2012-01-23,250
2007-06-01,2007-06-06,13
2005-10-16,2005-10-16,9
2014-01-03,2014-01-26,11
2019-09-16,2019-09-17,182
2011-04-18,2011-04-19,16
2011-06-28,2011-06-28,3
2015-08-31,2015-08-31,3
2017-08-18,2017-08-18,4
2015-03-16,2015-03-16,12
2010-05-07,2010-05-07,6
2013-04-29,2013-04-29,22
2011-10-23,2011-10-24,11
2013-05-13,2013-05-13,40
2011-01-11,2011-01-11,20
2007-08-31,2007-08-31,14
2011-09-15,2011-10-21,11
2014-09-22,2014-09-22,6
2014-09-22,2014-09-22,3
2015-08-15,2015-08-15,39
2015-09-12,2015-09-12,6
2013-12-27,2013-12-27,161
2017-12-25,2017-12-25,22
2012-01-10,2012-01-10,106
2012-03-31,2012-03-31,27
2012-02-05,2012-02-05,25
2007-03-24,2007-03-24,27
2015-01-02,2015-01-02,5
2015-07-27,2015-07-27,4
2018-05-21,2018-05-31,14
2018-04-22,2018-04-22,3
2009-02-27,2011-03-24,25
2017-06-06,2017-06-06,15
2013-10-19,2014-01-15,30
2009-03-29,2009-03-29,20
2008-01-13,2008-01-13,7
2010-07-15,2010-07-15,11
2010-07-03,2011-01-27,104
2012-02-14,2012-02-14,3
2012-06-23,2012-06-23,8
2011-01-18,2011-01-18,2
2006-11-24,2006-11-24,10
2006-07-03,2006-07-03,4
2018-04-28,2018-04-28,2064
2019-02-09,2019-02-09,19
2011-03-05,2011-03-05,7
2007-06-20,2007-06-21,6
2009-10-13,2009-10-13,35
2010-09-09,2010-09-09,24
2015-11-01,2015-11-01,5
2012-07-01,2012-07-01,2
2015-10-11,2015-11-20,83
2018-02-23,2018-02-23,31
2006-08-16,2006-08-28,30
2013-08-07,2013-08-07,23
2012-06-28,2012-06-28,18
2009-04-21,2009-04-21,16
2010-09-15,2010-09-15,11
2014-03-22,2014-03-22,6
2007-07-26,2007-07-26,22
2011-08-15,2011-08-15,24
2005-10-31,2005-12-02,25
2014-01-06,2014-01-06,19
2018-03-28,2018-03-28,8
2012-08-06,2012-08-06,8
2014-02-01,2014-02-01,11
2010-12-28,2010-12-28,20
2010-07-06,2012-01-10,865
2006-12-29,2006-12-29,5
2012-04-22,2012-04-22,1
2017-05-04,2017-05-04,76
2013-01-09,2013-01-09,6
2015-10-03,2015-10-03,8
2008-12-23,2008-12-23,12
2018-12-23,2018-12-23,11
2019-07-26,2019-07-26,16
2010-10-01,2010-10-01,4
2004-10-12,2004-10-12,8
2006-08-16,2006-08-17,29
2013-11-16,2013-11-16,24
2013-09-22,2013-09-29,41
2016-05-07,2016-05-07,1
2010-12-21,2010-12-21,2
2010-09-17,2012-01-05,144
2015-07-27,2015-07-27,86
2011-11-09,2012-04-03,85
2005-09-10,2005-09-10,11
2010-06-25,2012-11-01,30
2018-11-30,2018-11-30,12
2018-11-30,2018-11-30,141
2018-11-30,2018-11-30,6
2012-08-31,2012-08-31,6
2019-07-01,2019-07-01,11
2014-07-23,2014-07-23,21
2007-11-01,2007-11-01,14
2019-04-01,2019-04-01,51
2018-11-03,2018-11-03,47
2010-12-17,2010-12-17,35
2016-09-29,2016-09-29,21
2014-06-11,2014-06-11,63
2015-12-19,2015-12-20,5
2005-10-09,2005-12-16,26
2011-11-01,2011-11-01,7
2011-12-14,2011-12-14,1
2011-11-29,2011-11-29,29
2011-10-18,2011-10-18,4
2012-06-18,2012-06-18,2
2007-06-15,2007-06-15,16
2016-01-07,2016-01-07,7
2018-07-06,2018-07-06,1
2018-10-19,2018-10-23,25
2017-12-15,2017-12-15,4
2009-06-18,2009-06-18,39
2010-04-18,2014-03-24,57
2013-06-05,2013-06-06,2
2012-05-02,2012-05-07,14
2010-09-16,2010-09-16,4
2004-05-06,2004-05-06,9
2015-03-24,2015-05-30,24
2012-01-07,2012-01-07,2
2013-06-04,2013-06-04,1
2014-05-18,2014-05-18,83
2012-09-11,2013-12-23,32
2007-11-25,2007-11-25,42
2016-01-08,2016-01-19,6
2014-08-24,2014-09-24,37
2011-08-28,2011-08-28,1
2014-02-04,2014-02-04,1
2015-05-26,2015-05-26,16
2015-08-26,2015-08-26,29
2015-09-11,2015-09-11,5
2013-05-01,2013-05-01,3
2018-08-14,2018-08-14,13
2014-12-01,2014-12-01,12
2007-01-24,2008-01-24,60
2013-09-28,2013-09-28,1
2012-02-23,2012-02-23,3
2015-09-21,2015-09-21,1
2017-12-04,2017-12-04,18
2017-11-12,2017-11-12,1
2016-02-06,2016-02-06,1
2017-05-27,2017-05-27,7
2016-07-12,2016-07-12,4
2013-04-29,2013-04-29,13
2013-04-29,2013-04-29,10
2005-06-05,2005-06-05,3
2011-02-18,2011-02-18,3
2012-03-25,2012-03-25,3
2015-06-12,2015-06-12,4
2012-12-19,2012-12-19,3
2017-01-08,2017-01-08,40
2011-08-20,2011-08-20,5
2013-05-21,2013-05-21,4
2014-05-23,2014-05-23,1
2016-01-03,2016-01-03,8
2012-12-09,2012-12-11,14
2015-07-09,2015-07-09,13
2013-09-04,2013-09-04,37
2018-09-13,2018-09-18,43
2018-04-19,2018-04-19,25
2012-05-31,2012-05-31,24
2011-12-21,2011-12-21,3
2008-02-28,2008-02-28,15
2018-10-27,2018-10-27,28
2009-10-15,2009-10-15,16
2019-01-25,2019-01-25,6
2010-07-15,2011-07-11,154
2012-12-25,2013-10-16,16
2006-08-23,2006-08-23,4
2018-06-27,2018-06-27,37
2012-03-23,2012-03-23,4
2013-01-05,2014-10-12,32
2014-08-15,2014-08-15,3
2012-08-29,2012-08-29,7
2010-08-31,2010-08-31,4
2013-01-03,2013-01-03,47
2015-10-03,2015-10-03,25
2014-03-07,2014-03-07,5
2011-10-26,2011-10-26,11
2018-03-18,2018-03-18,3
2016-06-23,2016-06-23,11
2014-11-17,2014-11-17,5
2014-11-20,2014-11-20,11
2016-07-03,2016-07-03,1
2011-06-21,2011-06-21,29
2005-12-14,2005-12-14,9
2010-05-28,2013-03-05,16
2016-09-05,2016-09-05,22
2011-01-07,2011-01-07,20
2007-05-09,2007-05-09,13
2014-03-19,2014-03-19,4
2014-03-19,2014-03-19,2
2007-12-27,2007-12-27,7
2012-03-20,2012-03-20,6
2017-05-04,2017-05-04,6
2013-04-30,2013-05-15,11
2013-04-30,2013-04-30,7
2013-04-30,2013-04-30,7
2014-08-21,2014-08-21,2
2011-11-09,2011-11-09,12
2019-02-21,2019-02-21,18
2004-04-07,2004-04-07,3
2012-07-18,2012-07-18,3
2016-03-29,2016-03-29,1
2018-03-15,2018-03-15,82
2019-10-11,2019-10-11,8
2019-08-27,2019-09-01,4
2019-09-03,2019-09-03,2
2006-02-16,2006-02-16,7
2012-02-16,2012-02-16,32
2012-04-19,2012-04-19,7
2011-11-01,2011-11-01,9
2012-04-08,2012-04-08,11
2012-04-22,2012-04-22,7
2012-06-11,2012-06-11,4
2004-06-10,2004-08-10,15
2014-05-31,2014-05-31,17
2016-11-09,2016-11-09,6
2009-05-15,2010-01-04,32
2017-06-04,2017-06-04,41
2010-07-15,2010-07-15,5
2011-04-29,2011-04-29,10
2014-06-26,2014-06-26,11
2006-11-08,2006-11-08,5
2006-09-04,2006-10-10,7
2006-11-11,2006-11-14,6
2006-05-27,2006-07-13,14
2012-06-22,2012-06-22,16
2015-10-30,2015-10-30,1
2017-09-27,2017-09-27,17
2015-10-18,2015-10-19,4
2011-03-19,2011-03-19,3
2019-05-11,2019-05-11,2
2014-09-02,2014-09-02,55
2014-08-05,2014-10-10,10
2015-10-02,2015-10-02,6
2008-04-24,2008-04-24,44
2009-04-02,2009-04-02,21
2018-02-05,2018-02-05,23
2011-12-21,2012-02-03,31
2014-10-10,2014-10-10,8
2012-01-22,2012-01-22,3
2013-11-22,2013-11-22,3
2017-02-12,2017-02-12,1
2012-05-27,2012-05-27,1
2015-03-14,2015-03-14,2
2015-03-14,2015-03-14,3
2015-03-15,2015-03-15,7
2019-04-07,2019-04-07,14
2015-04-18,2015-04-19,24
2014-05-10,2014-06-12,12
2018-03-08,2018-03-08,32
2011-06-04,2011-06-04,10
2012-02-07,2012-02-21,20
2010-12-26,2010-12-26,2
2015-10-14,2015-10-14,65
2008-03-19,2008-03-19,4
2015-12-15,2015-12-15,16
2010-11-27,2010-11-27,5
2011-05-12,2011-05-12,2
2006-10-20,2006-11-16,4
2008-01-08,2008-05-11,8
2016-06-22,2016-06-22,88
2017-11-25,2017-11-25,5
2013-10-19,2014-03-11,31
2011-07-22,2011-07-22,2
2012-08-29,2012-08-29,3
2018-11-27,2018-11-27,1
2010-12-10,2010-12-10,6
2009-03-23,2009-03-23,1
2015-04-09,2015-04-13,18
2011-10-22,2011-10-22,5
2015-07-23,2015-07-23,7
2010-11-21,2010-12-18,22
2009-09-12,2009-09-12,5
2014-03-04,2014-03-04,11
2011-03-02,2011-04-26,8
2012-04-14,2012-04-17,31
2019-04-20,2019-04-20,32
2006-08-06,2006-08-06,7
2010-06-24,2010-06-24,9
2008-02-20,2008-02-20,5
2012-03-10,2012-03-10,5
2014-01-22,2014-01-26,7
2019-10-18,2019-10-18,1
2013-04-17,2013-04-17,26
2015-02-19,2015-02-19,2
2012-05-05,2012-05-05,5
2010-05-28,2010-05-28,3
2015-02-01,2015-02-01,23
2012-08-14,2012-08-14,8
2018-05-05,2018-05-05,7
2013-01-06,2013-01-06,1
2008-11-04,2008-11-04,3
2005-06-17,2005-06-17,8
2010-08-01,2010-08-01,22
2014-03-20,2014-03-20,1
2012-06-02,2012-06-02,1
2012-05-03,2012-05-03,8
2005-10-09,2005-10-09,2
2014-08-02,2014-08-02,11
2016-07-29,2016-07-29,37
2007-03-07,2007-03-07,4
2011-05-10,2011-05-11,4
2012-03-01,2012-03-01,1
2015-03-04,2015-03-04,2
2018-10-11,2018-10-11,3
2013-11-18,2014-05-28,27
2019-06-12,2019-06-12,3
2019-06-13,2019-06-13,10
2019-06-13,2019-06-13,3
2019-06-05,2019-06-07,15
2019-06-16,2019-06-16,11
2013-01-20,2013-01-20,23
2019-04-26,2019-05-05,135
2011-08-19,2011-08-19,6
2010-06-18,2010-06-18,2
2013-09-10,2013-09-10,11
2011-08-30,2011-10-01,90
2018-04-22,2018-04-22,21
2009-06-04,2009-12-18,25
2008-02-22,2008-02-22,1
2017-01-19,2017-01-19,14
2017-05-16,2017-05-16,5
2015-04-25,2015-07-01,31
2014-07-19,2014-07-19,56
2011-06-26,2011-06-26,3
2013-04-30,2013-04-30,7
2015-08-02,2015-08-02,3
2016-02-07,2016-02-07,7
2010-05-20,2010-05-20,10
2017-11-18,2017-11-18,2
2018-04-16,2018-04-16,1
2015-02-25,2015-02-25,11
2017-07-29,2017-07-29,6
2011-11-26,2011-11-26,2
2017-10-21,2017-10-21,4
2014-03-19,2014-03-19,5
2012-09-24,2012-09-28,12
2007-04-20,2007-04-20,1
2018-07-11,2018-08-26,8
2008-02-29,2008-02-29,1
2008-02-23,2008-02-23,18
2011-10-24,2011-10-24,8
2012-12-28,2012-12-28,3
2014-08-14,2014-08-14,4
2014-04-29,2014-05-20,44
2012-07-12,2012-07-12,13
2011-12-26,2011-12-26,28
2012-09-18,2012-09-18,19
2009-03-10,2009-03-11,103
2012-04-01,2012-04-06,38
2014-05-30,2014-06-04,38
2010-10-30,2010-10-30,6
2017-02-08,2017-03-03,15
2015-03-31,2015-03-31,68
2018-11-26,2018-11-26,15
2018-10-10,2018-10-10,11
2005-07-07,2005-07-07,11
2019-06-06,2019-06-06,10
2011-08-19,2011-08-19,6
2017-05-03,2017-05-03,35
2011-03-30,2011-03-30,3
2019-10-14,2019-10-14,8
2015-09-20,2015-09-20,11
2018-03-03,2018-03-03,2
2008-07-21,2008-07-21,2
2007-07-09,2007-07-09,22
2011-07-24,2011-07-24,15
2017-05-11,2017-05-11,29
2010-04-24,2010-04-24,24
2015-11-06,2015-11-06,52
2015-06-18,2015-06-18,2
2017-07-10,2017-07-10,4
2007-10-05,2007-10-05,7
2014-08-12,2014-08-12,9
2015-04-23,2015-04-23,22
2015-09-21,2015-09-21,50
2015-10-09,2015-10-09,49
2006-07-28,2006-07-28,1
2008-03-04,2008-03-04,7
2016-05-09,2016-05-09,15
2011-07-18,2011-07-18,9
2014-02-01,2014-02-01,2
2010-10-10,2010-10-10,38
2015-04-07,2015-04-07,3
2006-11-03,2006-11-03,7
2012-01-28,2012-01-28,4
2017-07-07,2017-07-07,2
2015-02-02,2015-02-02,2
2019-04-17,2019-04-17,6
2013-04-04,2013-05-09,26
2010-11-03,2010-11-03,4
2011-01-30,2011-01-30,4
2014-10-27,2014-10-27,2
2011-02-07,2011-02-09,27
2019-09-11,2019-09-11,9
2006-04-17,2006-04-17,20
2019-10-04,2019-10-26,47
2013-10-31,2013-10-31,7
2019-05-02,2019-05-02,11
2017-06-14,2017-06-14,3
2010-09-13,2010-09-13,17
2013-10-26,2013-10-26,12
2019-07-17,2019-07-17,27
2017-05-15,2017-05-15,4
2019-04-11,2019-04-11,2
2019-04-14,2019-04-14,1
2017-10-01,2017-10-01,7
2014-07-23,2014-07-23,35
2011-09-08,2011-09-08,1
2017-03-28,2017-03-28,11
2015-09-01,2015-09-17,15
2017-07-11,2017-07-11,1
2010-12-27,2010-12-27,1
2015-02-02,2015-02-02,4
2009-02-03,2009-02-03,15
2018-02-12,2018-02-12,6
2012-04-15,2012-04-16,27
2015-04-04,2018-09-14,22
2011-02-06,2011-02-06,3
2016-06-24,2016-06-24,144
2012-01-29,2015-12-11,32
2015-08-21,2015-08-21,9
2010-11-29,2010-11-29,2
2010-02-05,2010-02-05,7
2019-02-16,2019-02-16,21
2011-05-27,2011-05-27,1
2017-01-08,2017-01-08,39
2015-02-20,2015-02-20,16
2012-12-02,2012-12-02,16
2010-12-25,2010-12-25,1
2010-12-27,2010-12-27,12
2005-10-08,2005-10-08,2
2012-10-23,2012-10-23,2
2016-06-25,2016-07-25,3
2019-05-10,2019-06-02,107
2014-02-17,2014-02-17,1
2011-02-03,2011-02-03,2
2017-08-25,2017-08-25,7
2017-04-30,2017-04-30,40
2006-02-11,2006-02-11,2
2014-10-05,2014-10-05,8
2015-02-03,2015-02-03,3
2014-06-25,2014-06-25,6
2018-09-01,2018-09-01,11
2011-08-21,2011-08-21,3
2010-05-10,2010-08-10,6
2012-07-24,2012-07-24,28
2017-02-07,2017-02-07,13
2007-03-19,2007-03-19,3
2007-04-10,2007-04-10,4
2008-05-01,2008-05-01,2
2012-05-14,2012-05-14,6
2008-03-09,2008-03-09,6
2016-01-29,2016-01-29,2
2011-05-09,2011-05-09,2
2015-11-19,2015-11-19,13
2014-01-13,2014-01-13,8
2015-11-19,2015-11-19,6
2010-01-21,2010-01-21,48
2006-04-07,2006-04-07,1
2006-07-26,2006-07-26,1
2011-03-20,2011-10-19,121
2014-02-01,2014-02-01,1
2010-07-15,2010-07-15,2
2016-12-08,2016-12-08,8
2010-07-15,2010-07-15,3
2014-12-09,2014-12-09,2
2014-06-27,2015-04-02,12
2013-07-23,2013-07-23,6
2016-12-18,2016-12-18,37
2019-06-14,2019-06-14,10
2016-01-06,2016-01-06,3
2015-04-08,2015-04-13,44
2018-06-13,2018-06-13,7
2010-12-07,2010-12-07,10
2014-01-24,2014-01-24,32
2012-07-31,2012-07-31,14
2010-10-22,2010-10-22,2
2019-04-01,2019-04-01,10
2017-07-08,2017-07-08,8
2012-01-27,2012-04-18,15
2006-11-01,2006-11-01,7
2017-09-02,2017-09-02,14
2007-05-26,2007-05-26,3
2014-02-21,2014-02-21,10
2016-09-20,2016-09-20,6
2013-06-22,2013-06-22,10
2013-05-24,2013-07-28,65
2011-12-12,2011-12-12,2
2014-07-01,2014-07-01,2
2007-06-19,2007-06-23,45
2011-02-16,2011-02-16,5
2012-09-12,2012-09-12,1
2017-05-17,2017-05-17,5
2015-12-08,2016-02-15,24
2010-06-03,2010-06-03,1
2014-11-21,2014-11-23,6
2014-07-10,2014-07-10,3
2014-12-06,2014-12-06,1
2016-03-29,2016-03-29,15
2017-02-13,2017-02-13,1
2015-05-16,2015-05-16,50
2019-02-11,2019-02-12,5
2012-02-14,2012-02-14,3
2015-09-08,2015-09-08,24
2014-01-17,2014-01-17,6
2015-06-01,2015-06-01,7
2008-07-13,2008-07-13,14
2008-09-15,2008-09-15,8
2011-09-12,2011-09-12,3
2012-02-26,2012-02-26,7
2011-09-09,2011-09-09,3
2013-12-05,2013-12-05,12
2017-09-26,2017-09-26,6
2010-05-01,2010-05-01,4
2013-12-29,2013-12-29,6
2015-02-28,2015-09-14,32
2017-03-12,2017-03-12,2
2015-01-08,2015-01-08,4
2008-06-14,2008-06-14,13
2008-03-28,2008-03-28,29
2010-02-17,2010-02-17,2
2012-12-21,2012-12-21,1
2015-03-26,2015-03-26,17
2015-07-26,2015-07-26,15
2012-05-06,2012-05-06,2
2013-02-13,2013-02-13,1
2019-06-03,2019-06-03,174
2010-09-17,2010-09-17,1
2007-07-11,2007-07-11,1
2005-11-18,2006-02-25,8
2017-08-22,2017-08-22,1
2017-08-24,2017-08-24,1
2011-12-17,2011-12-17,1
2013-10-24,2013-10-24,1
2017-08-20,2017-08-20,33
2014-11-05,2014-11-05,1
2015-01-18,2015-01-18,5
2015-01-19,2015-01-19,3
2018-03-28,2018-03-28,1
2014-06-23,2014-06-23,2
2012-11-08,2013-01-17,20
2019-06-06,2019-06-06,7
2007-08-21,2008-01-14,12
2003-03-14,2003-03-14,1
2014-09-21,2014-09-21,2
2005-02-04,2005-10-08,8
2014-04-15,2014-07-26,8
2015-04-30,2015-04-30,11
2013-09-13,2013-09-13,5
2015-06-04,2015-06-16,22
2009-02-25,2011-10-13,8
2007-09-10,2007-09-10,24
2011-08-11,2012-07-20,7
2008-07-27,2008-07-27,28
2019-04-12,2019-04-14,83
2019-03-24,2019-03-24,18
2014-09-17,2014-09-17,3
2018-09-16,2018-09-16,1
2010-10-28,2010-10-28,18
2011-09-03,2011-09-03,2
2013-04-12,2013-04-12,1
2013-01-04,2013-01-04,13
2014-10-09,2014-10-09,24
2013-01-24,2013-01-24,2
2013-04-12,2013-04-12,1
2016-01-20,2016-01-30,32
2014-06-18,2014-06-18,4
2015-09-14,2015-09-15,12
2014-05-05,2014-05-05,1
2014-08-02,2014-08-02,9
2010-12-17,2011-01-11,29
2015-07-01,2015-07-01,3
2015-06-26,2015-06-26,12
2017-06-12,2017-06-12,3
2011-05-01,2011-05-01,8
2017-10-20,2017-10-20,12
2014-02-15,2014-03-16,11
2014-07-26,2014-07-26,21
2012-11-08,2012-11-08,2
2011-08-20,2011-08-20,1
2014-03-09,2014-03-09,14
2015-10-10,2015-12-29,20
2011-07-13,2011-07-13,4
2014-12-07,2014-12-07,8
2014-12-13,2014-12-13,35
2014-06-17,2014-06-17,11
2011-03-06,2011-03-07,6
2017-12-24,2017-12-24,1
2006-08-21,2006-08-21,26
2014-02-24,2014-02-24,7
2013-04-28,2013-04-28,2
2017-08-22,2017-08-22,8
2014-11-23,2014-11-23,4
2006-07-09,2006-07-09,3
2010-12-09,2010-12-09,2
2014-10-07,2014-10-07,13
2015-05-26,2015-05-26,7
2017-08-16,2017-08-16,9
2018-03-01,2018-03-01,3
2006-05-03,2006-05-03,6
2013-03-26,2013-03-26,3
2013-05-26,2013-05-26,2
2014-06-07,2014-06-07,4
2014-10-15,2014-10-15,10
2014-06-25,2014-06-25,17
2014-03-12,2014-03-12,6
2014-10-16,2014-10-16,24
2015-03-08,2015-03-08,26
2010-11-15,2010-11-15,3
2018-09-19,2018-09-19,5
2013-06-28,2013-06-28,7
2015-03-14,2015-03-14,17
2007-01-25,2007-01-25,5
2010-07-14,2010-07-14,10
2010-07-15,2010-07-15,6
2010-07-15,2010-07-15,2
2011-10-12,2011-10-12,17
2010-07-16,2010-07-16,3
2015-11-19,2015-11-21,3
2015-11-20,2015-12-18,4
2015-11-22,2015-12-21,12
2010-11-10,2010-11-10,1
2012-06-22,2012-06-22,21
2014-07-29,2014-07-29,8
2007-11-02,2007-11-02,24
2010-06-13,2010-06-13,1
2018-07-20,2018-07-20,22
2011-07-21,2011-07-21,6
2011-07-22,2011-07-22,5
2011-07-30,2011-07-30,5
2009-01-31,2009-02-12,10
2016-07-08,2016-07-08,4
2008-04-25,2008-06-18,10
2007-09-23,2007-09-23,47
2007-09-16,2007-09-16,37
2011-06-26,2011-06-26,1
2015-01-25,2015-01-25,41
2015-12-18,2015-12-18,20
2009-01-20,2009-01-20,3
2012-08-23,2012-08-23,26
2009-09-15,2009-09-15,8
2011-09-24,2011-09-24,4
2015-10-25,2015-10-25,1
2011-05-06,2011-05-06,4
2011-05-11,2011-05-11,3
2015-04-24,2015-04-24,29
2015-09-29,2015-09-29,1
2018-03-08,2018-03-08,61
2018-06-27,2018-06-27,25
2006-12-21,2006-12-21,21
2015-10-06,2015-10-06,1
2015-10-06,2015-10-06,1
2015-10-07,2015-10-07,2
2015-10-07,2015-10-07,3
2015-10-23,2015-10-23,1
2015-10-23,2015-10-23,1
2013-10-28,2013-10-28,1
2012-11-24,2012-11-24,2
2010-07-20,2010-09-15,66
2017-06-30,2017-06-30,1
2017-02-14,2017-02-14,53
2016-11-17,2016-11-17,2
2016-11-26,2016-11-26,4
2006-11-01,2006-11-01,3
2015-04-26,2015-04-26,5
2011-04-29,2011-04-29,2
2019-01-24,2019-01-24,1
2019-07-10,2019-07-10,3
2015-12-11,2015-12-11,9
2017-03-30,2017-03-30,5
2019-01-26,2019-01-27,40
2018-10-26,2018-10-26,8
2010-06-06,2010-06-06,3
2017-07-06,2017-07-06,37
2005-07-07,2005-07-07,2
2014-05-09,2014-05-09,10
2009-08-17,2009-08-17,4
2013-02-21,2013-02-21,1
2010-08-20,2010-08-20,22
2017-03-02,2017-03-02,1
2016-06-14,2016-06-15,43
2012-04-15,2012-04-15,1
2017-12-14,2017-12-14,2
2014-02-08,2014-02-08,1
2019-03-13,2019-03-13,4
2015-08-26,2015-08-26,3
2014-12-19,2014-12-19,2
2014-04-18,2014-04-18,6
2012-02-21,2012-02-21,1
2011-04-01,2011-04-01,4
2006-02-17,2006-02-17,27
2011-12-12,2011-12-12,13
2006-05-05,2006-05-25,12
2018-04-17,2018-04-17,9
2016-10-27,2016-10-27,11
2010-01-29,2010-01-29,1
2018-05-05,2018-05-14,290
2018-02-18,2018-02-18,3
2011-10-10,2011-10-10,2
2006-02-01,2006-02-01,1
2014-08-09,2014-08-09,37
2012-02-16,2012-02-16,23
2012-12-27,2012-12-27,4
2009-07-26,2009-07-26,4
2017-08-06,2017-08-06,1
2016-07-22,2016-07-22,9
2012-07-31,2012-07-31,5
2012-07-07,2012-07-07,4
2017-01-26,2017-01-26,2
2019-10-05,2019-10-05,3
2015-10-11,2015-10-11,3
2012-05-14,2012-05-14,8
2016-05-08,2016-07-05,9
2015-01-09,2015-01-09,6
2019-08-23,2019-08-23,11
2008-12-22,2008-12-22,3
2017-07-04,2017-07-04,1
2015-02-07,2015-02-07,2
2012-04-04,2012-04-04,2
2007-07-07,2007-07-07,4
2008-08-28,2008-08-28,1
2013-01-03,2013-01-03,2
2018-09-16,2018-09-16,16
2014-09-15,2014-09-15,25
2016-09-21,2016-09-21,5
2019-02-15,2019-02-15,3
2012-01-29,2012-01-29,1
2012-07-05,2012-07-05,4
2012-11-21,2012-11-21,4
2018-08-24,2018-08-24,4
2011-12-22,2011-12-22,5
2009-09-21,2009-09-21,2
2010-11-02,2010-11-02,9
2013-08-28,2013-08-28,5
2015-01-05,2015-01-05,3
2015-05-15,2015-05-15,2
2019-04-18,2019-04-21,41
2014-03-05,2014-03-05,7
2013-07-23,2013-07-23,1
2019-02-20,2019-03-17,61
2007-12-30,2007-12-30,14
2016-12-21,2016-12-21,63
2012-05-23,2012-05-23,3
2019-08-06,2019-08-06,4
2011-07-24,2011-07-24,14
2015-04-16,2015-04-16,31
2017-04-09,2017-04-09,6
2015-08-29,2015-08-29,75
2006-03-30,2006-03-30,15
2012-04-09,2012-04-09,1
2012-04-01,2012-04-01,12
2018-07-10,2018-07-10,4
2019-12-11,2019-12-11,4
2012-03-09,2012-03-09,9
2006-07-19,2006-07-19,7
2013-02-08,2013-03-14,5
2014-03-08,2014-03-08,2
2010-04-26,2010-04-26,1
2017-11-29,2017-11-30,91
2013-07-04,2013-07-04,1
2016-03-28,2016-03-28,4
2007-01-24,2007-03-03,13
2015-11-05,2015-11-05,20
2018-02-25,2018-02-25,50
2012-01-05,2012-01-05,3
2019-04-21,2019-04-21,4
2019-04-23,2019-04-27,8
2019-04-21,2019-04-21,4
2012-08-08,2012-08-08,1
2006-09-11,2006-11-18,10
2015-11-08,2015-11-08,4
2014-01-03,2014-04-07,2
2011-02-07,2011-02-07,5
2013-09-30,2013-09-30,1
2017-06-11,2017-06-11,4
2015-07-01,2015-07-01,2
2013-02-15,2015-12-14,5
2019-01-22,2019-01-22,6
2014-11-13,2014-11-13,6
2011-02-21,2011-02-21,1
2008-10-09,2008-10-09,3
2014-07-18,2014-07-18,1
2017-07-10,2017-07-10,3
2006-01-27,2006-01-27,8
2013-05-30,2013-05-30,1
2014-10-16,2014-10-16,1
2017-05-08,2017-05-08,1
2012-04-02,2012-04-02,1
2015-12-28,2015-12-31,15
2019-04-02,2019-04-02,2
2008-12-05,2008-12-05,1
2007-07-14,2007-07-14,1
2007-07-15,2007-07-15,1
2009-07-31,2009-07-31,9
2015-08-26,2015-08-26,17
2004-10-14,2004-10-14,3
2006-11-06,2006-11-06,7
2006-11-07,2006-11-07,5
2015-07-25,2015-07-25,3
2006-01-24,2006-01-24,3
2006-11-23,2006-11-23,3
2014-09-01,2014-09-01,18
2011-10-22,2011-10-22,5
2015-08-11,2015-08-11,2
2014-09-18,2014-09-18,1
2006-05-16,2006-05-16,9
2015-12-30,2015-12-30,7
2013-08-05,2013-08-05,3
2008-05-08,2008-05-15,7
2017-05-18,2017-05-18,5
2016-02-02,2016-02-02,7
2013-05-05,2014-04-09,46
2013-03-26,2013-04-15,6
2010-12-18,2010-12-18,6
2017-07-31,2017-07-31,9
2014-10-01,2014-10-01,2
2012-11-17,2012-11-17,7
2018-04-07,2018-04-07,7
2007-09-14,2007-09-14,31
2008-06-20,2008-06-20,34
2018-06-28,2018-06-28,6
2016-02-10,2019-05-31,58
2016-02-13,2016-02-13,6
2016-02-21,2016-02-21,10
2015-10-24,2016-03-25,17
2016-03-25,2016-03-25,1
2006-07-19,2006-07-30,7
2010-06-19,2010-06-19,4
2013-12-19,2013-12-19,22
2016-04-06,2016-04-06,2
2018-09-09,2018-09-09,9
2011-07-20,2011-07-20,15
2015-08-31,2015-08-31,3
2015-08-21,2015-08-21,15
2008-03-12,2008-03-12,6
2019-10-20,2019-10-20,9
2010-12-20,2010-12-20,2
2015-11-25,2015-11-25,4
2013-04-02,2013-04-02,1
2003-12-08,2003-12-09,6
2008-04-01,2008-04-01,3
2014-01-30,2014-02-05,12
2006-11-13,2006-11-13,1
2004-01-04,2004-01-04,2
2018-07-05,2018-07-05,1
2014-01-22,2014-01-22,3
2014-08-08,2014-08-08,15
2017-08-31,2017-08-31,17
2019-09-28,2019-09-28,3
2011-06-18,2011-06-18,1
2015-10-15,2015-11-16,33
2012-05-07,2012-05-07,2
2014-10-19,2014-10-19,1
2007-02-13,2007-02-13,2
2013-11-15,2013-11-15,4
2013-11-20,2013-11-20,1
2013-11-20,2013-11-20,2
2014-11-24,2014-11-24,15
2015-02-11,2015-02-11,2
2015-02-11,2015-02-11,1
2015-07-13,2015-07-13,1
2016-07-16,2016-07-16,1
2016-10-28,2016-10-28,5
2017-03-22,2017-03-22,1
2017-11-19,2017-11-19,6
2013-05-23,2013-05-23,2
2010-01-17,2010-01-17,23
2012-09-21,2012-09-21,5
2012-07-24,2012-07-24,1
2007-01-12,2007-01-12,4
2018-12-09,2018-12-09,2
2010-05-31,2010-05-31,2
2018-09-05,2018-09-05,1
2019-05-21,2019-05-22,4
2010-07-15,2010-07-15,4
2017-07-04,2017-07-04,2
2011-12-24,2011-12-24,3
2017-06-05,2017-06-05,29
2011-03-23,2011-03-23,2
2009-09-14,2009-09-14,3
2017-09-11,2017-09-11,1
2008-01-23,2008-01-23,6
2014-11-16,2014-11-16,1
2011-06-11,2011-06-11,3
2013-01-15,2013-01-15,1
2011-09-26,2011-09-26,1
2017-05-25,2017-05-25,3
2010-07-21,2010-07-21,4
2011-01-01,2011-01-01,3
2009-07-05,2009-07-05,1
2011-03-22,2011-03-22,2
2015-08-26,2015-08-26,8
2019-06-20,2019-06-20,15
2019-09-17,2019-10-08,4
2016-03-24,2016-04-02,18
2014-11-20,2014-11-20,3
2011-12-25,2011-12-25,2
2017-03-05,2017-07-12,183
2016-09-02,2016-09-02,1
2014-10-14,2014-10-14,3
2011-06-15,2011-06-15,4
2012-01-10,2012-01-27,5
2019-07-26,2019-07-26,6
2013-08-24,2013-08-24,2
2017-02-14,2017-02-14,7
2018-10-13,2018-10-13,2
2014-10-24,2014-10-24,1
2011-05-24,2011-05-24,6
2008-02-22,2008-02-22,3
2014-12-29,2014-12-29,17
2017-06-20,2017-06-20,5
2011-07-13,2011-07-13,4
2014-02-02,2014-02-02,2
2009-09-02,2009-09-02,9
2015-02-18,2015-02-18,1
2010-08-08,2010-08-08,1
2012-11-06,2012-11-06,1
2015-08-25,2015-08-31,13
2019-02-21,2019-02-21,2
2016-02-22,2016-02-22,4
2019-03-07,2019-03-07,16
2017-09-13,2017-09-13,130
2014-09-08,2014-09-08,1
2012-05-24,2012-05-24,7
2019-09-22,2019-09-24,16
2019-08-09,2019-08-09,11
2015-09-07,2015-09-23,12
2006-06-11,2006-06-11,2
2011-07-23,2011-08-21,40
2018-05-13,2018-05-13,10
2014-01-09,2014-01-10,7
2010-05-31,2010-05-31,2
2019-05-03,2019-05-03,8
2014-04-06,2014-04-06,1
2015-08-17,2015-08-17,1
2014-04-23,2014-04-23,1
2018-01-09,2018-01-09,7
2016-06-02,2016-06-02,1
2013-05-04,2013-05-04,1
2013-09-13,2013-09-14,4
2013-05-12,2013-05-12,7
2016-05-19,2016-05-19,13
2011-05-29,2011-05-29,4
2013-01-08,2013-01-08,2
2015-09-24,2015-09-27,3
2012-02-08,2012-02-08,3
2012-02-16,2012-02-16,3
2011-06-25,2011-06-25,2
2006-11-22,2006-11-22,3
2018-03-26,2018-03-26,7
2012-12-07,2012-12-07,1
2012-07-16,2012-07-16,1
2009-07-29,2009-07-29,1
2014-11-13,2014-11-13,7
2016-07-18,2017-02-03,8
2012-12-03,2012-12-03,1
2016-07-08,2016-07-08,41
2016-01-13,2016-01-13,1
2016-01-13,2016-01-13,11
2016-01-13,2016-01-13,2
2016-04-12,2016-04-12,1
2015-09-05,2015-09-05,2
2019-01-12,2019-01-12,3
2013-05-29,2013-05-29,2
2014-09-17,2014-09-17,2
2015-04-19,2015-04-20,9
2008-03-19,2008-03-19,1
2012-08-25,2012-08-25,18
2008-07-10,2008-07-10,2
2014-07-02,2014-07-02,10
2019-01-17,2019-01-17,1
2015-03-05,2015-03-05,1
2018-05-20,2018-05-20,13
2009-09-16,2009-09-16,9
2011-12-17,2011-12-17,1
2017-05-06,2017-05-06,3
2015-12-28,2016-01-01,2
2018-11-22,2018-11-22,3
2012-12-19,2012-12-19,1
2012-01-07,2012-01-07,1
2010-09-06,2010-09-06,17
2007-03-14,2007-04-04,4
2011-06-01,2011-06-01,13
2010-06-24,2010-06-24,2
2014-05-05,2014-05-05,10
2018-06-27,2018-06-27,4
2015-01-14,2015-01-14,7
2011-09-05,2011-09-05,3
2008-09-27,2008-09-27,14
2014-10-02,2014-10-02,1
2017-09-13,2017-09-15,90
2011-01-29,2011-01-29,3
2019-04-03,2019-04-03,2
2019-04-05,2019-04-05,3
2013-06-19,2013-06-19,1
2019-08-28,2019-08-28,1
2015-04-08,2015-04-08,5
2015-04-09,2015-04-09,3
2014-10-05,2014-10-05,12
2014-07-03,2014-07-03,1
2010-08-05,2010-08-05,1
2018-11-09,2018-11-09,7
2012-11-19,2012-11-19,2
2014-10-11,2014-10-11,2
2015-10-11,2015-10-11,1
2007-11-06,2008-02-25,4
2015-01-18,2015-01-18,4
2014-03-10,2014-03-10,2
2017-05-15,2017-05-15,27
2019-02-26,2019-02-26,3
2012-01-08,2012-01-25,7
2015-04-07,2015-04-07,2
2015-04-09,2015-04-09,2
2015-04-07,2015-04-07,1
2015-04-07,2015-04-07,1
2015-04-09,2015-04-09,1
2015-04-09,2015-04-09,4
2016-04-28,2016-04-28,2
2006-05-24,2006-05-24,6
2014-03-31,2014-03-31,3
2007-12-29,2007-12-29,23
2017-07-06,2017-07-06,16
2011-08-15,2011-08-15,7
2014-06-06,2014-06-06,1
2017-07-14,2017-07-14,15
2014-01-14,2014-01-14,17
2014-05-03,2014-05-06,5
2016-02-18,2016-02-26,8
2006-04-13,2006-04-13,2
2013-02-21,2013-02-21,2
2015-12-28,2015-12-28,12
2007-07-09,2007-07-09,2
2012-08-07,2012-08-07,3
2018-11-08,2018-11-08,4
2018-11-09,2018-11-09,2
2014-06-03,2014-06-03,6
2008-08-19,2008-08-19,1
2014-11-18,2014-11-18,4
2015-08-08,2015-08-08,5
2018-02-17,2018-02-17,2
2006-09-18,2006-09-18,1
2014-09-29,2014-09-29,2
2019-09-03,2019-09-03,1
2006-01-11,2006-01-11,1
2013-08-27,2013-08-27,3
2018-04-19,2018-04-19,1
2013-08-20,2013-08-20,2
2014-07-04,2014-07-04,1
2012-11-04,2012-11-04,1
2009-06-12,2009-06-12,4
2014-10-15,2014-10-15,3
2007-09-08,2007-09-08,2
2017-05-25,2017-05-25,3
2014-04-19,2014-04-19,10
2011-09-18,2011-09-18,21
2012-09-16,2012-09-18,5
2013-10-12,2013-10-12,6
2012-04-22,2012-04-22,2
2015-04-02,2015-04-02,15
2011-06-30,2011-06-30,2
2014-07-08,2014-07-08,1
2012-06-26,2012-06-26,3
2018-09-01,2018-09-01,1
2015-09-09,2015-09-09,7
2013-05-30,2013-05-30,6
2019-05-28,2019-05-28,5
2012-03-29,2012-03-29,4
2015-07-10,2015-07-10,5
2017-05-05,2017-05-05,4
2011-05-04,2011-05-04,4
2018-01-22,2018-01-22,5
2009-11-17,2009-11-17,1
2012-12-17,2012-12-17,5
2005-12-16,2006-02-14,5
2006-04-25,2006-05-16,23
2017-11-14,2017-11-14,9
2006-03-14,2006-03-14,5
2010-09-15,2010-09-15,5
2014-04-06,2014-04-06,7
2014-09-24,2014-09-24,9
2004-04-14,2004-04-14,2
2016-10-14,2016-10-15,44
2015-05-11,2015-05-11,100
2010-09-15,2010-09-15,4
2006-04-08,2006-04-08,1
2015-09-27,2015-09-27,16
2009-08-15,2009-08-15,1
2011-05-03,2011-05-03,3
2014-02-09,2014-02-09,1
2017-10-25,2017-10-25,10
2012-09-11,2012-09-11,1
2012-09-12,2012-09-12,3
2012-09-16,2012-09-16,2
2012-09-16,2012-09-16,6
2015-06-29,2015-06-29,14
2019-05-06,2019-05-06,13
2013-06-25,2013-06-25,17
2015-03-11,2015-03-11,15
2018-06-27,2018-06-27,6
2018-10-27,2019-10-04,9
2014-03-14,2014-03-14,3
2006-06-03,2006-06-04,6
2012-06-01,2012-07-25,2
2012-08-01,2012-08-01,4
2018-05-15,2018-05-15,10
2011-10-23,2011-10-23,1
2015-08-17,2015-08-17,1
2017-03-31,2017-03-31,2
2010-05-17,2010-05-17,1
2010-08-03,2010-08-03,1
2008-09-17,2008-09-17,1
2016-10-09,2016-10-09,3
2014-06-11,2014-06-11,8
2014-05-28,2014-05-28,17
2015-07-24,2015-07-24,2
2012-11-20,2012-11-20,2
2011-01-07,2011-01-07,1
2009-09-17,2009-09-17,1
2013-02-13,2013-02-13,1
2008-02-28,2008-02-28,2
2011-07-18,2011-07-18,1
2017-02-10,2017-02-10,5
2011-12-25,2011-12-25,2
2008-05-26,2008-05-26,14
2015-12-29,2015-12-29,4
2010-10-04,2010-10-04,1
2011-06-27,2011-06-27,7
2013-11-22,2013-11-22,3
2013-04-24,2013-04-24,46
2013-11-28,2013-11-28,1
2006-06-22,2006-06-22,1
2011-07-02,2011-07-02,1
2014-07-14,2014-07-14,1
2010-03-13,2010-03-13,1
2009-04-08,2009-04-08,1
2015-02-24,2015-02-24,2
2015-08-13,2015-08-13,19
2014-06-20,2014-06-20,1
2007-01-02,2007-01-02,16
2013-09-01,2013-09-01,1
2019-03-24,2019-03-24,13
2019-03-01,2019-03-01,1
2004-08-20,2004-08-20,1
2019-08-24,2019-08-24,6
2011-10-15,2011-10-15,3
2015-02-10,2015-02-10,1
2018-03-25,2018-03-25,5
2014-04-04,2014-04-04,19
2014-05-01,2014-05-01,13
2014-09-07,2014-09-07,1
2014-09-10,2014-09-10,6
2018-12-04,2018-12-04,1
2006-02-03,2006-02-03,1
2006-09-11,2006-09-11,1
2006-04-02,2006-04-02,4
2016-08-15,2016-08-15,5
2010-12-27,2010-12-27,1
2006-02-03,2006-02-03,5
2012-06-30,2012-06-30,2
2016-06-06,2016-06-06,3
2014-11-22,2014-11-22,4
2014-10-06,2014-10-06,6
2009-12-19,2009-12-19,2
2011-09-11,2011-09-11,3
2013-10-03,2013-10-19,16
2010-10-15,2010-10-15,15
2014-04-06,2014-04-17,6
2019-06-27,2019-06-27,17
2011-10-03,2011-10-03,2
2017-04-10,2017-04-10,3
2014-10-14,2014-10-14,2
2013-07-25,2014-08-11,5
2013-02-18,2013-02-18,3
2007-03-15,2007-03-15,3
2016-01-10,2016-01-10,1
2011-11-29,2011-11-29,3
2010-10-04,2010-10-04,3
2018-01-21,2018-01-21,36
2010-02-07,2010-02-07,1
2004-10-27,2005-10-07,5
2013-04-19,2013-04-19,1
2011-12-27,2011-12-27,5
2019-09-07,2019-09-07,3
2019-11-19,2019-11-19,3
2015-10-24,2015-10-24,1
2013-07-31,2013-07-31,1
2015-02-18,2015-02-18,1
2009-08-18,2009-08-18,15
2011-06-27,2011-06-27,1
2011-06-27,2011-06-27,1
2011-08-04,2011-08-04,14
2011-08-05,2011-08-05,3
2011-09-05,2011-09-05,2
2011-09-06,2011-09-06,2
2011-09-13,2011-09-13,3
2011-10-14,2011-10-14,2
2011-10-16,2011-10-16,1
2011-10-22,2011-10-22,2
2011-10-24,2011-10-24,1
2011-02-04,2011-02-04,1
2011-11-26,2011-11-26,2
2011-11-29,2011-11-29,2
2011-11-29,2011-11-29,1
2012-01-10,2012-01-10,2
2012-02-07,2012-02-07,1
2012-02-18,2012-02-18,1
2012-02-27,2012-02-27,1
2012-03-10,2012-03-10,3
2012-03-15,2012-03-15,2
2012-04-12,2012-04-12,6
2012-05-15,2012-05-15,2
2012-02-15,2012-02-15,3
2013-05-08,2013-05-08,4
2015-03-30,2015-03-30,3
2011-01-01,2011-01-01,4
2016-06-26,2016-06-26,1
2013-03-02,2013-03-02,1
2011-08-20,2011-08-20,1
2013-11-02,2013-11-02,26
2015-06-07,2015-06-12,43
2012-02-12,2012-02-12,2
2004-10-08,2004-10-08,2
2011-11-07,2011-11-07,26
2012-09-05,2013-02-07,9
2009-06-10,2009-06-10,2
2017-06-25,2017-06-25,1
2015-09-02,2015-09-02,2
2010-11-23,2010-11-23,16
2013-03-27,2013-03-27,3
2015-10-08,2015-10-08,1
2006-06-15,2006-06-15,1
2009-04-15,2009-04-15,2
2015-09-19,2015-09-19,5
2015-11-06,2015-11-06,3
2014-03-16,2014-03-16,4
2010-01-11,2010-01-11,1
2017-01-03,2017-01-03,3
2019-10-27,2019-10-27,2
2017-08-23,2017-08-23,7
2012-12-08,2012-12-08,20
2009-09-16,2009-09-16,13
2011-04-15,2011-04-15,9
2014-01-24,2014-01-24,1
2006-01-22,2006-01-22,13
2016-01-22,2016-01-22,3
2017-05-30,2017-05-30,4
2013-10-14,2014-02-14,3
2012-08-20,2012-08-20,1
2011-01-22,2011-01-22,5
2010-09-16,2010-09-16,1
2007-09-05,2007-09-05,1
2013-08-10,2013-08-10,20
2014-07-24,2014-07-24,3
2015-03-17,2015-03-17,3
2014-12-05,2014-12-05,29
2012-07-23,2012-08-24,19
2015-07-11,2015-07-11,5
2017-05-09,2017-05-09,4
2018-08-13,2018-08-13,1
2015-02-10,2015-02-10,4
2004-11-12,2004-11-12,2
2016-05-19,2016-05-19,4
2014-06-10,2014-06-10,12
2013-10-15,2013-10-15,10
2010-07-21,2010-07-21,2
2011-12-11,2011-12-11,2
2008-05-08,2008-05-08,3
2006-02-03,2006-02-03,1
2012-02-12,2012-02-12,2
2015-06-12,2015-06-12,2
2007-07-26,2007-07-26,2
2007-04-27,2007-04-27,2
2019-09-13,2019-09-13,8
2010-08-24,2010-08-24,11
2018-12-02,2018-12-02,6
2016-01-09,2016-01-09,4
2010-08-05,2010-08-05,1
2010-08-26,2010-08-26,1
2012-03-12,2012-03-12,1
2013-07-02,2014-07-19,4
2018-09-13,2018-09-13,2
2018-12-30,2018-12-30,4
2014-05-16,2014-05-16,8
2017-12-09,2017-12-09,1
2013-08-08,2013-08-08,12
2006-07-08,2006-07-08,1
2013-01-02,2013-01-02,37
2015-11-09,2015-11-09,1
2017-05-21,2017-05-21,15
2011-03-21,2011-03-21,1
2015-12-17,2015-12-17,66
2018-04-23,2018-04-23,3
2011-02-09,2011-02-09,1
2019-11-16,2019-11-16,4
2011-07-16,2011-10-28,2
2018-06-07,2018-06-07,3
2008-05-23,2008-05-23,1
2015-05-04,2015-05-04,3
2019-05-04,2019-05-04,2
2019-05-04,2019-05-04,4
2011-03-05,2011-03-05,1
2010-06-04,2010-06-04,23
2012-08-25,2012-08-25,1
2010-12-14,2010-12-14,1
2019-03-01,2019-03-01,1
2017-06-04,2017-06-04,18
2009-12-16,2009-12-16,4
2014-09-27,2014-09-27,4
2011-06-06,2011-06-06,1
2004-11-28,2004-11-28,1
2006-05-30,2006-05-30,1
2017-08-21,2017-08-21,4
2015-07-14,2015-07-14,1
2011-05-31,2011-05-31,4
2007-04-14,2007-04-24,5
2015-05-17,2015-05-17,2
2015-08-10,2015-08-10,6
2011-05-12,2011-05-12,3
2018-09-04,2018-09-04,17
2009-01-08,2009-01-08,11
2006-04-14,2006-04-14,2
2015-08-09,2015-09-12,11
2017-05-10,2017-10-27,15
2014-12-01,2014-12-01,3
2017-08-17,2017-08-17,3
2007-10-29,2007-10-29,2
2012-11-13,2012-11-13,2
2010-08-01,2010-09-19,2
2016-02-22,2016-02-22,3
2007-03-25,2007-03-25,2
2012-10-26,2012-10-26,1
2015-05-17,2015-05-17,7
2013-06-16,2013-06-16,1
2012-05-28,2012-05-28,13
2008-05-26,2008-05-26,2
2006-03-16,2006-03-16,2
2015-11-10,2015-11-10,1
2017-05-10,2017-05-10,14
2008-05-20,2008-05-20,4
2012-05-13,2012-05-13,2
2015-04-24,2015-04-24,16
2013-02-04,2013-02-04,3
2011-10-03,2011-10-03,7
2010-08-20,2010-08-20,11
2019-07-22,2019-07-22,4
2011-06-19,2011-06-19,1
2012-06-12,2012-06-12,18
2019-02-11,2019-02-11,3
2015-05-21,2015-05-21,2
2012-07-18,2012-07-18,3
2019-04-30,2019-04-30,3
2009-06-08,2009-06-08,1
2017-12-23,2017-12-23,6
2012-03-25,2013-07-06,4
2013-04-08,2013-04-08,1
2006-07-02,2006-07-02,1
2019-05-01,2019-05-04,18
2015-07-28,2015-07-28,10
2014-08-13,2014-08-13,8
2010-11-21,2010-11-21,10
2017-05-17,2017-05-17,2
2017-07-09,2017-07-09,3
2015-11-15,2015-11-15,1
2011-09-22,2011-09-22,4
2014-03-31,2014-03-31,49
2007-10-30,2007-10-30,3
2015-12-21,2015-12-21,4
2011-03-20,2011-03-20,3
2011-03-21,2011-03-21,2
2019-11-11,2019-11-11,5
2010-07-30,2010-07-30,1
2011-09-27,2011-09-27,4
2011-09-27,2011-09-27,2
2012-07-02,2012-07-02,1
2012-02-07,2012-02-07,2
2012-03-28,2012-03-28,5
2011-08-15,2011-08-15,2
2011-08-29,2011-08-29,16
2008-04-14,2008-04-14,10
2018-03-25,2018-03-25,2
2017-12-01,2017-12-01,19
2010-04-08,2010-04-08,14
2016-06-12,2016-06-12,10
2005-06-23,2005-06-23,3
2014-07-20,2014-07-20,4
2011-07-08,2011-07-08,2
2010-09-26,2010-09-26,3
2012-06-19,2012-06-19,3
2015-07-29,2015-08-01,4
2015-07-30,2015-07-31,4
2019-08-22,2019-08-22,10
2008-04-13,2008-04-13,1
2016-09-13,2016-09-13,5
2013-03-05,2013-03-05,3
2017-03-01,2017-03-01,1
2017-11-23,2017-11-23,41
2011-11-18,2011-11-18,4
2013-07-08,2013-07-08,1
2014-12-17,2014-12-17,2
2013-12-11,2013-12-11,3
2017-12-01,2017-12-01,6
2015-03-06,2015-03-06,6
2014-06-07,2014-06-07,2
2016-03-16,2016-03-16,1
2010-12-19,2013-06-06,18
2013-06-08,2013-06-09,3
2013-06-09,2013-06-09,5
2013-06-11,2013-06-11,9
2014-04-04,2014-04-16,2
2014-04-16,2014-06-15,2
2016-11-05,2016-11-05,28
2018-02-21,2018-04-18,40
2005-10-10,2005-10-10,2
2015-07-20,2015-07-20,9
2013-05-17,2013-05-17,2
2011-11-29,2011-11-29,4
2012-06-23,2012-06-23,2
2015-08-01,2015-08-01,1
2015-01-21,2015-01-21,2
2015-12-03,2015-12-03,1
2013-01-30,2013-01-30,10
2011-03-13,2011-03-13,1
2014-09-14,2014-09-14,8
2017-04-25,2017-04-25,2
2006-03-06,2006-03-06,2
2015-02-26,2015-02-26,2
2018-12-03,2018-12-03,1
2017-09-30,2017-09-30,9
2012-04-18,2012-04-18,1
2017-12-30,2017-12-30,2
2014-10-18,2014-10-18,3
2016-03-09,2016-03-09,2
2015-11-16,2015-11-16,6
2014-06-18,2014-06-18,2
2014-06-20,2014-06-20,3
2015-01-25,2015-01-25,8
2005-11-19,2005-11-19,1
2007-05-08,2007-05-08,1
2017-06-28,2017-06-28,1
2017-09-04,2017-09-04,3
2018-07-15,2018-07-15,2
2015-07-18,2015-07-18,7
2014-07-23,2014-07-23,1
2011-09-06,2011-09-06,1
2018-11-08,2018-11-08,5
2017-11-14,2017-11-14,10
2009-01-12,2009-01-12,2
2012-04-14,2012-04-14,1
2011-10-26,2011-10-26,11
2009-06-14,2009-06-14,1
2009-11-10,2009-11-10,1
2014-05-02,2014-05-02,1
2016-04-20,2016-04-20,1
2017-01-21,2017-01-21,1
2012-08-13,2012-08-13,1
2008-04-16,2008-04-16,1
2017-11-13,2017-11-16,13
2010-12-22,2010-12-22,1
2012-04-07,2012-04-07,2
2017-03-20,2017-03-20,2
2005-05-01,2005-05-01,1
2019-10-14,2019-10-14,5
2018-11-29,2018-11-29,10
2010-07-10,2010-07-10,1
2011-01-27,2011-01-27,1
2012-03-24,2012-03-24,25
2012-02-14,2012-02-14,2
2011-12-06,2011-12-06,2
2017-02-18,2017-02-18,4
2011-01-13,2011-01-13,11
2011-01-08,2011-01-08,5
2016-07-13,2016-07-13,2
2008-03-17,2008-03-17,4
2012-10-14,2012-10-14,1
2019-01-11,2019-01-11,10
2015-03-29,2015-03-29,1
2015-10-30,2015-10-30,2
2019-03-19,2019-03-19,1
2019-11-01,2019-11-01,2
2013-03-13,2013-03-13,2
2013-04-20,2013-04-20,1
2018-11-09,2018-11-09,3
2016-09-22,2016-09-22,9
2014-02-02,2014-02-02,4
2009-03-23,2009-03-23,1
2010-07-19,2010-07-19,4
2019-05-17,2019-06-19,33
2010-10-16,2010-10-16,2
2009-03-03,2009-03-03,2
2014-06-04,2014-06-27,44
2009-12-17,2009-12-17,1
2012-02-24,2012-02-24,1
2010-09-14,2010-09-14,1
2014-04-21,2014-04-21,5
2013-04-08,2013-04-08,1
2013-04-12,2013-04-12,1
2013-04-20,2013-04-20,5
2005-05-18,2005-05-18,1
2013-02-11,2013-02-11,12
2011-09-30,2011-09-30,6
2011-11-30,2011-11-30,9
2017-01-31,2017-01-31,14
2019-05-20,2019-05-20,8
2015-02-08,2015-02-08,3
2019-12-27,2019-12-27,10
2017-12-14,2017-12-14,12
2017-01-24,2017-01-24,27
2009-08-27,2009-08-27,1
2010-09-14,2010-09-14,2
2011-09-25,2011-09-25,6
2015-01-17,2015-01-17,1
2005-08-10,2005-08-10,2
2012-05-23,2012-05-23,2
2014-08-01,2014-08-01,4
2012-12-11,2012-12-11,1
2018-03-19,2018-03-19,14
2018-03-23,2018-03-23,18
2011-08-04,2011-08-04,4
2015-08-13,2015-08-13,1
2011-07-25,2011-07-25,1
2013-05-17,2013-05-17,3
2014-04-14,2014-04-14,1
2009-11-27,2009-11-27,2
2007-06-27,2007-06-27,1
2011-06-18,2011-06-18,3
2013-05-17,2013-05-17,8
2010-11-02,2010-11-02,6
2012-02-21,2012-02-21,4
2014-02-14,2014-02-14,1
2016-06-16,2016-06-16,6
2013-06-08,2013-06-08,3
2006-05-05,2006-05-05,2
2011-07-30,2011-07-30,2
2012-08-02,2012-08-02,6
2015-02-23,2015-02-23,2
2015-01-01,2015-01-01,1
2010-06-01,2010-06-01,1
2013-07-11,2013-07-11,7
2008-03-08,2008-06-16,2
2008-09-16,2008-09-16,2
2014-05-14,2014-05-14,12
2016-08-07,2016-08-07,1
2011-03-24,2011-03-24,1
2013-11-30,2013-11-30,4
2012-12-07,2012-12-07,3
2017-12-07,2017-12-07,2
2015-01-29,2015-01-29,2
2012-02-14,2012-02-14,2
2016-06-26,2016-06-26,3
2014-07-22,2014-07-22,12
2017-07-25,2017-07-25,5
2010-05-06,2010-05-06,3
2011-03-21,2011-03-21,1
2015-09-16,2015-10-21,6
2011-11-06,2011-11-06,2
2011-11-06,2011-11-06,1
2014-12-19,2014-12-19,1
2008-04-18,2008-04-18,2
2015-02-23,2015-02-23,5
2011-06-25,2011-06-25,1
2014-05-16,2014-05-16,11
2012-03-10,2012-03-10,2
2013-08-29,2013-08-29,1
2017-02-01,2017-02-01,5
2012-03-09,2012-03-09,3
2014-10-31,2014-10-31,1
2006-08-02,2006-08-02,3
2013-09-24,2013-09-24,1
2007-11-30,2007-11-30,2
2019-09-06,2019-09-06,5
2017-05-09,2017-05-09,2
2014-05-12,2014-05-12,3
2011-07-11,2011-07-11,3
2011-07-12,2011-07-12,1
2011-07-12,2011-07-12,1
2011-09-24,2011-09-24,6
2018-11-10,2018-11-10,13
2012-09-02,2012-09-02,5
2013-08-17,2013-08-17,1
2013-01-13,2013-01-13,1
2016-04-19,2016-04-19,4
2017-04-30,2017-04-30,8
2010-10-05,2010-10-05,2
2017-07-04,2017-07-04,2
2006-06-02,2006-06-02,2
2005-08-03,2005-08-03,1
2018-11-10,2018-11-10,2
2019-05-05,2019-05-05,6
2016-11-17,2016-11-17,2
2011-12-06,2011-12-06,4
2016-04-12,2016-04-12,1
2006-03-15,2006-03-15,2
2019-03-25,2019-03-25,2
2007-09-15,2007-09-15,1
2011-04-23,2011-04-23,2
2011-09-02,2011-09-02,1
2013-06-09,2013-06-09,1
2012-02-12,2012-02-12,13
2017-09-05,2017-09-05,2
2007-08-24,2007-08-24,3
2019-12-11,2019-12-11,12
2019-12-11,2019-12-11,5
2010-02-25,2010-02-25,2
2012-05-29,2012-05-29,2
2006-11-04,2006-11-04,2
2012-01-01,2012-01-01,1
2011-06-07,2011-06-07,1
2012-08-21,2012-08-21,5
2012-10-10,2012-10-10,1
2012-10-10,2012-10-10,3
2012-10-11,2012-10-11,1
2012-10-11,2012-10-11,1
2012-10-11,2012-10-11,1
2012-10-12,2012-10-12,1
2012-10-13,2012-10-13,2
2012-10-13,2012-10-13,1
2017-02-18,2017-02-18,13
2012-02-09,2012-02-09,2
2016-03-14,2016-03-14,18
2015-08-26,2015-08-26,6
2014-06-18,2014-06-18,3
2013-07-06,2013-07-06,4
2014-06-09,2014-06-09,38
2010-09-06,2010-09-06,1
2019-01-10,2019-01-10,12
2017-01-03,2017-01-03,11
2018-11-15,2018-11-15,1
2011-06-10,2011-06-10,1
2011-03-03,2011-03-03,2
2011-04-12,2011-04-12,2
2005-09-10,2005-09-10,1
2013-05-11,2013-05-12,3
2014-12-14,2014-12-14,8
2014-08-10,2014-08-10,2
2009-02-13,2009-02-13,1
2019-10-24,2019-10-24,9
2015-04-04,2015-04-04,3
2018-06-10,2018-06-10,3
2013-10-07,2013-10-07,1
2018-11-30,2018-11-30,12
2010-06-11,2010-06-12,13
2014-08-04,2014-08-04,1
2006-04-27,2006-04-27,1
2017-08-10,2017-08-10,1
2014-12-23,2014-12-23,11
2007-11-01,2007-11-01,28
2006-01-12,2006-01-12,1
2018-11-30,2018-11-30,8
2013-09-12,2013-09-12,2
2011-05-21,2011-05-21,1
2014-10-04,2014-10-04,3
2015-06-23,2015-07-23,4
2011-04-12,2011-04-12,1
2015-12-27,2015-12-27,20
2016-03-19,2016-03-19,5
2019-07-21,2019-07-21,1
2017-12-04,2017-12-04,1
2011-04-05,2011-04-05,1
2010-11-10,2010-11-10,2
2010-11-27,2010-11-27,1
2013-10-15,2013-10-15,2
2005-11-02,2005-11-02,1
2005-10-05,2005-10-05,1
2010-08-30,2010-08-30,4
2017-03-26,2017-03-26,1
2017-03-26,2017-03-26,6
2011-03-04,2011-03-04,1
2014-10-27,2014-10-27,3
2016-12-01,2016-12-01,6
2014-12-29,2014-12-29,2
2018-05-02,2018-05-02,6
2015-04-30,2015-04-30,5
2008-07-29,2008-07-29,8
2008-08-01,2008-08-01,11
2016-01-19,2016-01-19,13
2005-10-19,2005-10-19,1
2015-02-11,2015-02-11,5
2010-09-25,2010-09-25,1
2010-11-07,2010-11-07,1
2018-04-23,2018-04-23,9
2011-10-15,2011-10-15,1
2015-11-05,2015-11-05,8
2014-05-19,2014-05-19,20
2015-07-23,2015-07-23,1
2013-04-09,2013-04-09,2
2014-12-01,2014-12-01,2
2017-07-22,2017-07-22,2
2018-04-26,2018-04-26,2
2006-06-08,2006-06-08,1
2006-05-19,2006-05-19,2
2015-11-24,2015-11-24,2
2014-01-02,2014-01-02,7
2018-12-01,2018-12-01,3
2012-01-20,2012-01-20,8
2017-04-23,2017-04-23,1
2015-07-27,2015-07-27,1
2019-02-08,2019-02-08,1
2019-02-08,2019-02-08,1
2013-07-02,2013-07-02,1
2014-04-24,2014-04-24,2
2012-08-03,2012-08-03,4
2014-03-07,2014-03-07,3
2019-01-23,2019-01-23,14
2012-05-28,2012-05-28,1
2012-05-09,2014-06-22,14
2010-08-13,2010-08-13,5
2007-08-26,2007-08-26,5
2016-03-20,2016-03-20,3
2012-12-03,2012-12-03,1
2013-08-09,2013-08-09,3
2013-11-16,2013-11-16,5
2011-08-02,2011-08-02,1
2015-06-18,2015-06-18,3
2019-03-05,2019-03-05,30
2007-03-20,2007-03-20,3
2008-06-23,2008-06-23,1
2019-07-26,2019-07-26,1
2019-12-15,2019-12-15,7
2011-10-25,2011-10-25,1
2011-02-24,2011-02-24,1
2005-11-20,2005-11-20,1
2012-02-21,2012-02-24,11
2015-09-17,2015-09-17,1
2006-03-08,2006-03-08,1
2012-11-22,2012-11-22,2
2018-08-06,2018-08-06,11
2008-02-06,2008-02-06,3
2014-06-28,2014-06-28,10
2018-11-09,2019-04-08,10
2010-10-12,2010-10-12,34
2011-03-25,2011-03-25,5
2011-12-02,2011-12-02,2
2006-01-09,2006-01-09,1
2013-04-26,2013-04-26,3
2011-08-10,2011-08-10,2
2010-02-24,2010-02-24,1
2014-01-23,2014-01-23,1
2018-11-30,2018-11-30,13
2014-02-19,2014-02-19,2
2013-03-29,2013-03-29,2
2014-12-12,2014-12-12,6
2008-10-20,2008-10-20,2
2014-06-06,2014-06-06,1
2013-01-03,2013-01-03,1
2015-12-27,2015-12-27,2
2013-04-20,2013-04-20,4
2015-03-15,2015-03-15,1
2017-08-29,2017-08-29,12
2017-11-16,2017-11-16,2
2011-12-10,2011-12-10,1
2013-09-11,2013-09-11,4
2006-01-31,2006-01-31,1
2015-01-27,2015-01-27,1
2015-02-07,2015-02-07,1
2008-10-16,2008-10-16,1
2014-08-26,2014-08-26,1
2010-12-06,2010-12-06,2
2011-06-22,2011-06-22,1
2011-06-26,2011-06-26,1
2012-01-06,2012-01-06,5
2012-01-06,2012-01-06,5
2011-07-13,2011-07-13,4
2011-10-22,2011-10-22,3
2015-12-25,2015-12-25,2
2015-04-29,2015-04-30,3
2015-05-19,2015-05-19,1
2015-09-26,2015-09-26,2
2016-09-28,2016-09-28,1
2010-05-30,2010-05-30,1
2010-07-14,2010-07-14,1
2012-02-05,2012-02-05,3
2012-06-12,2012-06-12,4
2015-11-11,2015-11-11,3
2015-11-14,2015-11-14,2
2017-09-22,2017-09-22,1
2013-01-21,2013-01-21,2
2005-08-01,2005-08-01,1
2011-03-22,2011-03-22,3
2015-07-03,2015-07-03,2
2012-10-26,2012-10-26,1
2009-02-21,2009-02-22,6
2006-11-21,2006-11-21,1
2012-05-24,2012-05-24,2
2018-01-14,2018-01-14,7
2005-12-31,2005-12-31,1
2011-09-11,2011-09-11,1
2013-05-10,2013-05-11,2
2012-02-20,2012-02-20,1
2011-08-14,2011-08-14,2
2017-09-03,2017-09-03,6
2014-02-12,2014-02-12,3
2011-07-31,2011-07-31,2
2017-06-19,2017-06-20,9
2017-07-10,2017-07-10,1
2012-03-10,2012-03-10,1
2007-12-07,2007-12-07,2
2012-08-11,2012-08-11,1
2007-02-02,2007-02-02,1
2013-03-21,2013-03-21,1
2009-06-23,2009-06-23,1
2017-11-25,2017-11-25,1
2012-03-21,2012-03-21,8
2012-01-12,2012-01-12,3
2008-10-17,2008-10-17,3
2013-05-04,2013-05-04,1
2019-06-17,2019-06-26,7
2015-05-12,2015-05-12,10
2018-09-03,2018-09-03,1
2017-10-03,2017-10-03,13
2013-11-15,2013-11-15,2
2018-11-20,2018-11-20,1
2013-02-11,2013-02-11,1
2012-02-17,2012-02-17,2
2015-09-28,2015-09-28,5
2015-02-19,2015-02-19,2
2015-02-19,2015-02-19,40
2008-05-17,2008-05-17,3
2012-06-12,2012-06-12,6
2011-12-01,2011-12-01,3
2013-12-23,2013-12-23,2
2014-01-21,2014-01-21,1
2014-02-11,2014-02-11,7
2014-02-12,2014-02-12,1
2019-08-01,2019-08-01,6
2019-08-01,2019-08-01,69
2010-03-09,2010-03-09,1
2018-02-01,2018-02-01,1
2013-09-24,2013-09-24,18
2015-04-24,2015-04-24,29
2019-09-08,2019-09-08,28
2006-01-28,2006-01-28,2
2015-04-27,2015-04-27,6
2011-01-27,2011-01-27,2
2012-01-31,2012-01-31,1
2015-12-03,2015-12-03,1
2017-08-10,2017-08-10,2
2011-09-05,2011-09-05,3
2011-09-06,2011-09-06,2
2010-11-14,2010-11-14,2
2006-05-15,2006-05-15,1
2016-04-15,2016-04-15,4
2012-01-21,2012-01-21,2
2010-03-17,2010-03-17,1
2014-12-21,2014-12-21,1
2018-06-20,2018-06-20,2
2012-01-06,2012-01-06,3
2006-04-03,2006-04-03,1
2016-09-05,2016-09-05,1
2011-03-12,2011-03-12,2
2011-08-15,2011-08-15,5
2019-12-12,2019-12-12,1
2011-06-09,2011-06-09,1
2014-10-20,2014-10-20,1
2015-07-14,2015-07-14,2
2011-06-27,2011-06-27,4
2014-02-26,2014-02-26,4
2012-08-28,2012-08-28,1
2015-11-02,2015-11-02,14
2015-10-22,2015-10-22,5
2006-05-04,2006-05-04,1
2012-01-15,2012-01-15,1
2013-07-28,2013-07-28,2
2013-03-16,2013-03-16,2
2008-07-09,2008-07-09,6
2010-09-03,2010-09-03,2
2012-07-01,2012-07-01,2
2015-06-13,2015-06-13,2
2014-06-14,2014-06-14,2
2006-02-27,2006-02-27,1
2013-09-23,2013-09-23,1
2017-09-03,2017-09-03,3
2012-03-13,2012-03-13,2
2016-05-02,2016-05-02,1
2012-10-15,2012-10-15,2
2012-10-17,2012-10-17,1
2011-09-20,2011-09-20,1
2011-09-20,2011-09-20,1
2013-09-14,2014-08-08,4
2006-03-16,2006-03-16,1
2012-08-20,2012-08-20,2
2011-07-12,2011-07-12,1
2013-04-30,2013-04-30,1
2017-08-15,2017-08-15,5
2015-02-15,2015-02-15,1
2014-05-24,2014-05-24,1
2011-10-05,2011-10-05,1
2018-02-09,2018-02-09,1
2006-03-08,2006-03-08,1
2012-05-07,2012-05-07,1
2008-02-14,2008-02-14,2
2019-04-20,2019-04-20,24
2010-07-30,2010-07-30,1
2007-07-01,2007-07-01,1
2008-08-18,2008-08-18,1
2012-02-14,2012-02-14,1
2017-08-10,2017-08-10,3
2006-05-19,2006-05-19,1
2018-11-09,2018-11-09,5
2011-01-24,2011-01-24,2
2010-11-05,2010-11-05,1
2010-03-31,2010-03-31,1
2014-09-02,2014-09-02,17
2017-04-03,2017-04-03,1
2013-08-02,2013-08-02,2
2012-05-19,2012-05-19,1
2011-12-30,2011-12-30,1
2015-02-04,2015-02-04,1
2014-12-04,2014-12-04,1
2014-12-04,2014-12-04,1
2012-02-01,2012-02-01,1
2008-09-10,2008-09-10,1
2017-12-03,2017-12-03,8
2014-03-27,2014-03-27,1
2010-09-12,2010-09-23,11
2018-12-06,2018-12-06,4
2017-05-25,2017-05-25,1
2015-03-10,2015-03-19,2
2011-06-10,2011-06-10,7
2019-12-24,2019-12-24,1
2010-02-10,2010-02-10,1
2008-05-15,2008-05-15,1
2017-07-05,2017-07-05,2
2017-05-11,2017-05-11,1
2013-08-14,2013-08-14,3
2011-09-03,2011-09-03,2
2008-11-05,2008-11-05,1
2014-09-19,2014-09-19,1
2017-07-09,2017-07-09,15
2014-12-30,2014-12-30,5
2018-03-03,2018-03-03,1
2017-02-21,2017-02-21,1
2010-09-15,2010-09-15,1
2016-02-08,2016-02-08,1
2014-09-02,2014-09-02,1
2010-08-29,2010-09-02,5
2014-07-23,2014-07-23,2
2015-03-10,2015-03-10,2
2016-05-02,2016-05-02,3
2013-06-10,2013-06-10,2
2016-01-25,2016-01-25,1
2010-12-18,2010-12-18,7
2011-12-28,2011-12-28,2
2015-01-25,2015-01-25,2
2014-08-12,2014-08-12,2
2017-07-14,2017-07-14,1
2015-04-15,2015-04-15,2
2018-09-19,2018-09-19,2
2010-07-13,2010-07-13,3
2013-04-22,2013-04-22,4
2017-05-29,2017-05-29,1
2014-07-28,2014-07-28,5
2017-04-01,2017-04-01,9
2017-11-02,2017-11-02,1
2016-04-22,2016-04-22,3
2011-08-21,2011-08-21,2
2011-11-12,2011-11-12,1
2011-12-11,2011-12-11,6
2013-01-31,2013-01-31,1
2013-02-04,2013-02-04,1
2013-02-05,2013-02-05,1
2016-03-30,2016-03-30,2
2016-08-12,2016-08-12,1
2019-04-11,2019-04-11,2
2014-04-21,2014-04-21,7
2014-07-14,2014-07-14,7
2016-12-01,2016-12-01,2
2009-01-25,2009-01-25,2
2008-09-13,2008-09-13,2
2014-08-10,2014-08-10,5
2009-10-03,2009-10-03,1
2013-12-29,2013-12-29,1
2017-07-20,2017-07-20,3
2009-07-06,2009-07-06,1
2018-02-06,2018-02-06,6
2016-01-04,2016-01-04,2
2013-04-14,2013-04-14,6
2006-09-04,2006-09-04,6
2010-12-24,2010-12-24,16
2014-12-23,2014-12-23,15
2017-07-31,2017-07-31,2
2010-10-18,2010-10-18,6
2015-04-19,2015-04-19,1
2013-12-10,2013-12-10,3
2010-12-04,2010-12-04,14
2015-09-06,2015-09-06,6
2015-10-01,2015-10-01,22
2019-02-11,2019-03-03,64
2018-04-17,2018-04-17,9
2017-10-04,2017-10-04,2
2014-04-21,2014-04-25,5
2010-08-01,2010-08-01,1
2008-02-06,2008-10-26,3
2010-02-19,2010-02-19,1
2013-10-29,2013-10-29,4
2007-04-25,2007-04-25,1
2012-07-28,2012-07-29,10
2014-06-13,2014-06-13,8
2014-05-02,2014-05-02,1
2011-05-25,2011-05-25,19
2013-04-07,2013-04-07,4
2013-08-09,2013-08-09,4
2006-06-13,2006-06-13,1
2012-08-28,2012-08-28,1
2013-06-20,2013-06-20,1
2011-04-22,2011-04-22,1
2007-09-25,2007-09-25,1
2008-10-08,2008-10-08,2
2015-07-28,2015-07-28,1
2015-07-31,2015-07-31,1
2015-08-01,2015-08-01,1
2015-08-09,2015-08-09,2
2015-04-30,2015-04-30,2
2008-08-24,2008-08-24,4
2017-12-07,2017-12-07,1
2012-07-01,2012-07-01,1
2013-09-09,2013-09-09,4
2017-05-07,2017-05-07,1
2012-01-20,2012-01-20,1
2008-12-12,2008-12-12,7
2009-08-05,2009-08-05,2
2014-09-23,2014-09-28,2
2012-02-14,2012-02-14,1
2013-07-05,2013-07-05,7
2018-11-06,2018-11-06,4
2008-07-15,2008-07-15,1
2010-10-12,2010-10-12,2
2017-06-20,2017-06-20,2
2011-12-21,2011-12-21,3
2015-08-20,2015-08-20,2
2011-07-29,2011-07-29,4
2008-05-05,2008-05-05,1
2009-11-13,2009-11-13,1
2015-10-07,2015-10-07,3
2011-01-16,2011-01-16,1
2012-10-12,2012-10-12,2
2018-11-30,2018-11-30,2
2013-03-03,2013-03-03,1
2006-11-13,2006-11-13,1
2018-12-27,2018-12-27,2
2011-03-28,2011-03-28,3
2014-11-13,2014-11-13,3
2011-09-18,2011-09-18,1
2012-12-08,2012-12-08,1
2015-03-10,2015-03-12,10
2010-04-28,2010-04-28,1
2012-12-12,2012-12-12,2
2009-12-06,2009-12-06,1
2018-02-12,2018-02-12,6
2017-12-12,2017-12-12,3
2017-12-14,2017-12-15,5
2017-12-18,2017-12-18,1
2015-05-12,2015-05-12,1
2011-11-06,2011-11-06,4
2015-06-11,2015-06-11,1
2018-03-30,2018-03-30,1
2017-05-14,2017-05-14,2
2015-10-07,2015-10-07,5
2015-09-10,2015-09-10,1
2011-01-24,2011-01-24,5
2017-07-05,2017-07-05,1
2013-10-14,2013-10-14,3
2011-02-21,2011-02-21,1
2012-10-14,2012-10-14,5
2013-01-06,2013-01-06,1
2013-03-06,2013-03-06,11
2010-06-05,2010-06-05,1
2011-10-10,2011-10-10,4
2015-10-09,2015-10-09,1
2012-10-02,2012-10-02,1
2012-05-24,2012-05-24,7
2012-05-24,2012-05-24,1
2019-07-17,2019-07-17,3
2019-05-31,2019-05-31,9
2013-05-14,2013-05-14,1
2020-02-06,2020-02-06,3
2013-09-15,2013-09-15,3
2013-02-21,2013-02-21,4
2015-01-11,2015-01-11,9
2011-06-07,2011-06-07,2
2014-07-05,2014-07-05,3
2010-11-18,2010-11-18,1
2016-05-16,2016-05-16,3
2012-04-27,2012-04-27,3
2018-12-11,2018-12-11,9
2012-01-11,2012-01-11,6
2011-02-17,2011-02-17,2
2012-04-22,2012-04-22,1
2012-11-26,2012-11-26,1
2015-04-18,2015-04-18,5
2013-11-18,2013-11-18,1
2016-12-31,2016-12-31,1
2012-03-10,2012-03-10,1
2019-03-27,2019-03-27,2
2013-07-20,2013-07-20,28
2008-05-05,2008-05-05,1
2015-11-23,2015-11-23,1
2011-01-04,2011-01-04,1
2013-01-20,2013-01-24,6
2010-08-01,2010-08-01,1
2009-11-16,2009-11-16,1
2009-04-26,2009-04-26,1
2015-08-21,2018-08-07,13
2011-12-11,2011-12-11,2
2013-06-20,2013-06-20,1
2013-04-09,2013-04-09,3
2009-11-01,2009-11-01,2
2016-09-09,2016-09-09,1
2013-08-09,2013-08-09,1
2013-03-08,2013-03-08,1
2016-09-06,2016-09-06,2
2015-07-16,2015-07-16,4
2011-10-10,2011-10-10,1
2015-12-03,2015-12-04,3
2008-01-09,2008-01-09,1
2013-02-18,2013-02-18,1
2013-10-01,2013-10-01,2
2009-12-10,2009-12-10,1
2007-07-03,2007-07-03,1
2015-04-02,2015-04-02,4
2014-12-10,2014-12-10,2
2012-06-13,2012-06-13,1
2011-05-31,2011-05-31,1
2016-09-26,2016-09-26,3
2010-12-05,2010-12-05,2
2017-06-15,2017-06-15,1
2015-09-08,2015-09-08,1
2013-06-23,2013-06-23,1
2014-05-27,2014-05-27,1
2018-11-09,2018-11-09,4
2006-10-27,2006-10-27,2
2014-01-12,2014-01-12,1
2011-03-06,2011-03-06,2
2013-06-21,2013-06-21,2
2015-03-24,2015-03-24,13
2007-06-05,2007-06-05,1
2006-12-07,2006-12-09,14
2012-10-01,2012-10-01,1
2015-05-02,2015-05-02,2
2017-12-22,2017-12-22,1
2012-04-18,2012-04-18,5
2012-06-14,2012-06-14,2
2009-04-28,2009-04-28,2
2014-08-01,2014-08-01,4
2013-06-02,2013-06-02,1
2011-05-12,2011-05-12,2
2016-11-28,2016-11-28,2
2010-06-11,2010-06-11,1
2014-10-08,2014-10-08,3
2014-10-12,2014-10-12,3
2014-10-12,2014-10-12,2
2014-10-12,2014-10-12,2
2014-10-12,2014-10-12,1
2014-07-31,2014-07-31,4
2009-03-31,2009-03-31,3
2018-11-22,2018-11-22,1
2012-03-21,2012-03-21,2
2012-09-15,2012-09-15,1
2015-04-13,2015-04-13,1
2010-09-10,2010-09-10,1
2013-07-05,2013-07-05,1
2013-07-10,2013-07-10,1
2013-07-14,2013-07-14,1
2013-07-15,2013-07-15,1
2011-08-18,2011-08-18,2
2007-02-24,2007-02-24,1
2007-01-18,2007-01-18,1
2018-10-15,2018-10-15,1
2007-02-09,2007-02-09,1
2013-03-27,2013-03-27,4
2015-07-14,2015-07-14,1
2014-01-15,2014-01-15,2
2008-11-11,2008-11-11,1
2012-07-21,2012-07-21,2
2016-11-30,2016-11-30,3
2014-05-24,2014-05-24,3
2019-04-27,2019-04-27,1
2018-06-07,2018-06-07,2
2015-11-28,2015-11-28,14
2017-11-15,2017-11-15,7
2017-02-05,2017-02-05,11
2011-02-15,2011-02-15,1
2008-10-14,2008-10-14,1
2017-07-10,2017-07-10,3
2017-07-12,2017-07-12,9
2011-07-25,2011-07-25,2
2017-08-31,2017-08-31,1
2015-03-16,2015-03-16,6
2019-07-14,2019-07-14,7
2009-09-19,2009-09-19,1
2012-10-23,2012-10-23,1
2013-10-09,2013-10-09,4
2017-01-19,2017-01-19,12
2008-05-02,2008-05-02,2
2014-04-15,2014-04-15,3
2008-04-23,2008-04-23,4
2015-06-17,2015-06-17,14
2013-05-30,2013-05-30,1
2012-12-17,2012-12-17,11
2017-03-20,2017-03-20,1
2011-07-19,2011-07-19,7
2012-11-08,2012-11-08,2
2018-04-29,2018-04-29,1
2012-08-14,2012-08-14,6
2019-01-30,2019-01-30,1
2014-12-11,2014-12-11,1
2013-04-24,2013-04-24,2
2012-10-04,2012-10-04,1
2008-08-13,2008-08-13,1
2014-04-11,2014-04-11,4
2014-08-10,2014-08-10,2
2016-06-29,2016-06-29,1
2008-12-01,2008-12-01,2
2015-01-05,2015-01-05,2
2012-08-13,2012-08-13,8
2011-12-11,2011-12-11,2
2017-01-05,2017-01-05,1
2009-05-11,2009-05-11,1
2017-06-22,2017-06-22,1
2012-01-05,2012-01-05,2
2017-01-29,2017-01-29,1
2007-03-14,2007-03-14,1
2012-02-05,2012-02-05,1
2011-05-25,2011-05-25,2
2012-10-16,2012-10-16,1
2008-12-25,2008-12-25,1
2015-11-29,2015-11-29,2
2009-07-29,2009-07-29,1
2012-12-12,2012-12-12,1
2010-03-06,2010-03-07,6
2014-11-21,2014-11-21,1
2011-02-25,2011-02-25,1
2012-02-07,2012-02-07,1
2015-07-14,2015-07-14,1
2015-08-21,2015-08-21,1
2007-12-02,2007-12-02,1
2013-08-04,2013-08-04,1
2011-01-28,2011-01-28,2
2013-12-12,2013-12-12,1
2014-04-03,2014-04-03,1
2019-06-27,2019-06-27,4
2010-10-03,2010-10-03,1
2007-06-11,2007-06-11,1
2012-05-30,2012-05-30,13
2007-04-23,2007-04-23,1
2013-12-12,2013-12-12,2
2017-06-07,2017-06-07,2
2015-06-11,2015-06-11,4
2019-05-06,2019-05-06,8
2010-12-02,2010-12-02,1
2012-06-01,2012-06-01,1
2012-06-08,2012-06-08,1
2013-01-25,2013-01-25,1
2017-03-21,2017-03-21,2
2016-05-16,2016-05-16,3
2011-10-08,2011-10-08,3
2012-11-23,2012-11-23,3
2015-08-04,2015-08-04,1
2012-08-25,2012-08-25,1
2012-01-02,2012-01-02,1
2013-05-20,2013-05-20,1
2014-06-04,2014-06-04,1
2012-03-19,2012-03-19,2
2017-07-28,2017-07-28,2
2011-02-12,2011-02-12,3
2015-10-02,2015-10-02,1
2010-09-03,2010-09-03,11
2016-04-17,2016-04-17,1
2011-12-22,2011-12-22,1
2016-09-23,2016-09-23,11
2014-06-30,2014-06-30,3
2011-09-20,2011-09-20,2
2018-11-09,2018-11-09,1
2010-09-03,2010-09-03,3
2011-10-28,2011-10-28,5
2015-07-18,2015-07-18,3
2010-01-14,2010-01-14,1
2011-01-02,2011-01-02,1
2015-03-20,2015-03-20,9
2010-09-12,2010-09-12,1
2010-12-27,2010-12-27,7
2013-08-07,2013-08-07,1
2008-09-11,2008-09-11,1
2011-07-08,2011-07-08,8
2011-07-12,2011-07-12,11
2010-02-07,2010-02-07,5
2012-04-08,2012-04-08,1
2017-10-06,2017-10-06,3
2013-04-14,2013-04-14,2
2007-06-30,2007-06-30,1
2011-11-03,2011-11-03,2
2013-07-31,2013-07-31,2
2013-04-28,2013-04-28,2
2008-04-19,2008-04-19,1
2012-06-06,2012-06-06,1
2011-04-14,2011-04-14,1
2016-04-25,2016-04-25,4
2008-07-11,2008-07-11,9
2012-05-23,2012-05-23,1
2009-12-03,2009-12-03,5
2011-12-12,2011-12-12,1
2009-03-15,2009-03-15,1
2019-06-01,2019-06-01,11
2009-04-06,2009-04-06,1
2009-05-22,2009-05-22,2
2009-05-23,2009-05-23,1
2019-04-18,2019-04-19,11
2014-10-14,2014-10-14,3
2016-02-22,2016-02-22,1
2012-07-08,2012-07-08,2
2013-03-10,2013-03-10,3
2013-03-14,2013-03-14,2
2019-08-31,2019-08-31,1
2012-06-02,2012-06-02,1
2016-04-09,2016-04-09,1
2019-03-19,2019-03-19,1
2013-06-19,2013-06-19,1
2014-01-02,2014-01-02,1
2015-07-26,2016-01-21,5
2010-07-14,2010-07-14,6
2012-07-29,2012-07-29,2
2012-08-09,2012-08-09,2
2012-08-12,2012-08-12,1
2012-07-03,2012-07-03,3
2018-06-05,2018-06-05,6
2018-11-30,2018-11-30,5
2012-04-13,2012-04-13,1
2011-05-17,2011-05-17,1
2018-11-09,2018-11-09,6
2017-08-14,2017-08-14,5
2017-08-14,2017-08-14,3
2017-08-14,2017-08-14,5
2016-05-05,2016-05-05,4
2015-03-16,2015-03-16,1
2016-05-05,2016-05-05,1
2016-05-05,2016-05-05,9
2016-05-05,2016-05-05,3
2016-05-06,2016-05-06,3
2008-04-05,2008-04-05,1
2012-08-19,2012-08-19,3
2015-01-24,2015-01-24,4
2007-09-30,2007-09-30,1
2010-10-12,2010-10-12,4
2008-07-20,2008-07-20,2
2017-02-11,2017-02-11,2
2015-08-12,2015-08-12,2
2016-05-04,2016-05-04,4
2011-02-25,2011-02-25,1
2019-06-30,2019-06-30,10
2010-04-14,2010-04-14,5
2017-11-13,2017-11-13,1
2017-11-19,2017-11-19,1
2014-11-23,2014-11-23,1
2013-01-06,2013-01-06,2
2008-02-04,2008-02-04,1
2010-12-08,2010-12-08,3
2015-06-21,2015-06-21,2
2019-04-07,2019-04-07,1
2015-09-27,2015-09-27,4
2010-08-14,2010-08-14,1
2015-10-24,2015-10-24,2
2014-11-27,2014-11-27,2
2010-10-09,2010-10-09,4
2015-06-13,2015-06-13,2
2015-01-13,2015-01-13,1
2013-03-10,2013-03-10,1
2019-09-24,2019-09-24,5
2015-08-27,2015-08-27,2
2012-02-20,2012-02-20,1
2013-09-15,2013-09-15,1
2018-11-09,2018-11-09,2
2014-07-07,2014-07-07,6
2012-12-03,2012-12-03,1
2017-07-26,2017-07-26,8
2019-10-31,2019-10-31,3
2011-10-06,2011-10-06,1
2012-07-05,2012-07-05,1
2015-11-25,2015-11-25,1
2012-02-06,2012-02-06,1
2011-09-20,2011-09-20,1
2015-01-17,2015-01-17,1
2018-04-11,2018-04-11,3
2016-07-11,2016-07-11,2
2016-03-25,2016-03-25,1
2013-09-14,2013-09-14,1
2012-02-15,2012-02-15,1
2017-03-17,2017-03-17,1
2014-03-18,2014-03-18,3
2014-03-19,2014-03-19,2
2012-04-19,2012-04-19,3
2012-01-22,2012-01-22,23
2012-08-03,2012-08-03,3
2019-09-07,2019-09-07,4
2015-10-03,2015-10-09,11
2011-03-16,2011-03-16,1
2011-05-07,2011-05-07,4
2018-08-31,2018-08-31,1
2011-05-10,2011-05-10,1
2018-03-19,2018-03-19,2
2008-02-10,2008-02-10,1
2017-01-04,2017-01-04,1
2018-11-09,2018-11-09,9
2012-05-08,2012-05-19,2
2011-01-21,2011-01-21,1
2017-01-20,2017-01-20,1
2014-03-27,2014-03-27,1
2014-03-19,2014-03-19,1
2018-06-19,2018-06-19,2
2013-03-13,2013-03-13,1
2018-11-09,2018-11-09,4
2010-10-26,2010-10-26,1
2014-09-03,2014-09-03,3
2018-02-06,2018-02-06,1
2008-03-17,2008-03-17,1
2012-04-22,2012-04-22,9
2011-06-15,2011-06-15,1
2010-08-03,2010-08-03,7
2010-05-13,2010-05-13,4
2009-11-17,2009-11-17,1
2014-03-22,2014-03-22,1
2011-08-26,2011-08-26,1
2011-10-08,2011-10-08,3
2008-04-02,2008-04-02,1
2008-04-05,2008-04-05,1
2018-11-09,2018-11-09,3
2011-03-20,2011-03-20,5
2014-09-15,2014-09-15,3
2019-04-10,2019-04-10,3
2010-05-22,2010-05-22,4
2010-04-26,2010-04-26,1
2015-09-11,2015-09-11,4
2016-11-29,2016-11-29,15
2015-04-09,2015-04-09,3
2015-07-24,2015-08-01,2
2015-01-03,2015-01-03,1
2008-05-06,2008-05-06,1
2014-06-03,2014-06-03,1
2018-05-02,2018-05-02,7
2013-12-10,2013-12-10,1
2019-02-24,2019-02-24,1
2018-12-04,2018-12-04,1
2011-08-30,2011-08-30,2
2012-03-02,2012-03-02,1
2014-02-06,2014-02-06,1
2016-02-13,2016-02-13,1
2014-12-17,2014-12-17,1
2016-05-28,2016-05-28,1
2018-11-09,2018-11-09,5
2013-05-14,2013-05-14,12
2013-12-23,2013-12-23,1
2013-12-27,2013-12-27,3
2014-03-14,2014-03-14,2
2014-03-25,2014-03-25,1
2014-03-30,2014-03-30,1
2012-07-21,2012-07-21,1
2012-02-11,2012-02-11,1
2012-10-25,2012-10-25,3
2008-11-22,2008-11-22,3
2012-06-28,2012-06-28,1
2017-02-13,2017-02-13,1
2014-03-03,2014-03-03,8
2014-03-06,2014-03-06,1
2019-01-28,2019-01-28,1
2011-11-10,2011-11-10,3
2015-08-23,2015-08-23,5
2012-04-02,2012-04-02,1
2016-08-09,2016-08-09,1
2016-09-20,2016-09-20,2
2012-10-01,2012-10-01,1
2010-08-17,2010-08-17,1
2011-10-31,2011-10-31,1
2019-09-04,2019-09-04,1
2008-08-17,2008-08-17,2
2013-02-07,2013-02-07,1
2010-01-06,2010-01-06,1
2013-04-13,2013-04-13,3
2014-02-11,2014-02-11,1
2012-10-25,2012-10-25,1
2010-12-10,2010-12-10,1
2017-04-11,2017-04-11,2
2008-05-10,2008-05-10,1
2010-12-11,2010-12-11,1
2011-05-18,2011-05-18,1
2005-05-08,2005-05-08,1
2015-09-09,2015-09-09,2
2016-05-09,2016-05-09,8
2014-07-26,2014-07-26,1
2012-10-06,2012-10-06,1
2014-11-12,2014-11-12,2
2016-04-01,2016-04-01,1
2017-05-03,2017-05-03,1
2017-10-07,2017-10-07,8
2011-08-15,2011-08-15,1
2017-06-12,2017-06-12,4
2012-09-01,2012-09-01,1
2012-11-16,2012-11-16,1
2015-05-30,2015-05-30,2
2013-06-06,2013-06-06,1
2018-09-27,2018-09-27,2
2008-09-03,2008-09-03,1
2012-07-05,2012-07-05,1
2015-01-30,2015-01-30,1
2013-02-12,2013-02-12,1
2014-10-24,2014-10-24,2
2012-11-22,2012-11-22,1
2013-02-09,2013-02-09,1
2013-01-06,2013-01-06,2
2015-11-29,2015-11-29,5
2016-10-03,2016-10-03,2
2016-10-04,2016-10-04,1
2019-12-03,2019-12-03,2
2017-06-14,2017-06-14,3
2014-02-01,2014-02-01,1
2015-01-27,2015-01-27,1
2012-12-20,2012-12-20,1
2015-05-11,2015-05-11,6
2015-04-24,2015-04-24,2
2011-06-21,2011-06-21,1
2009-09-22,2009-09-22,1
2004-06-18,2004-06-18,1
2007-05-05,2007-05-05,2
2007-05-06,2007-05-06,1
2007-05-06,2007-05-06,1
2007-05-07,2007-05-07,1
2007-05-07,2007-05-07,6
2015-09-27,2015-09-27,1
2015-09-27,2015-09-27,7
2012-12-10,2012-12-10,3
2017-11-19,2017-11-19,1
2013-02-15,2013-02-15,1
2013-09-16,2013-09-16,1
2013-04-12,2013-04-12,1
2009-01-27,2009-01-27,1
2011-05-14,2011-05-14,1
2015-04-08,2015-04-08,3
2008-10-12,2008-10-12,11
2015-10-30,2015-10-30,1
2015-03-15,2015-03-15,1
2011-10-07,2011-10-07,6
2016-11-27,2016-11-27,13
2012-06-06,2012-06-06,1
2020-02-20,2020-02-20,11
2011-12-15,2011-12-15,1
2012-05-18,2012-05-18,1
2013-09-12,2013-09-12,1
2012-02-25,2012-02-25,3
2010-10-12,2010-10-12,1
2008-12-02,2008-12-02,1
2010-06-06,2010-06-06,1
2014-02-02,2014-02-02,4
2007-12-09,2007-12-09,1
2011-01-27,2011-01-27,1
2011-02-13,2011-02-13,1
2010-10-12,2010-10-12,1
2019-05-07,2019-05-07,1
2014-11-14,2014-11-14,3
2008-12-06,2008-12-06,1
2016-09-13,2016-09-13,1
2016-09-14,2016-09-14,1
2016-12-27,2016-12-27,1
2011-10-31,2011-10-31,6
2016-05-30,2016-05-30,5
2013-06-21,2013-06-21,1
2012-11-17,2012-11-17,1
2012-12-27,2012-12-27,1
2014-11-09,2014-11-09,1
2012-02-07,2012-02-07,1
2016-05-02,2016-05-02,1
2017-07-08,2017-07-08,2
2012-02-23,2012-02-23,1
2018-02-28,2018-02-28,2
2011-05-03,2011-05-03,14
2015-02-10,2015-02-10,1
2013-04-04,2013-04-04,1
2010-02-28,2010-02-28,1
2017-08-14,2017-08-14,1
2011-04-14,2011-04-14,3
2013-07-27,2013-07-27,1
2010-08-15,2010-08-15,1
2014-08-25,2014-08-25,1
2013-10-24,2013-10-24,1
2010-09-22,2010-09-22,4
2004-12-09,2004-12-09,2
2013-12-07,2013-12-07,2
2011-10-02,2011-10-02,1
2011-04-08,2011-04-08,2
2010-12-16,2010-12-16,4
2010-12-21,2010-12-22,2
2011-12-25,2011-12-25,1
2013-04-27,2013-04-27,2
2015-12-04,2015-12-04,1
2018-09-11,2018-09-11,2
2013-01-04,2013-01-04,2
2012-01-12,2012-01-12,1
2013-02-01,2013-02-01,2
2013-09-05,2013-09-05,1
2013-09-19,2013-09-19,3
2013-12-06,2013-12-06,3
2011-05-02,2011-05-02,1
2009-11-07,2009-11-07,5
2013-07-15,2013-07-15,10
2018-06-11,2018-06-11,3
2009-11-03,2009-11-03,1
2011-04-06,2011-04-06,1
2011-03-27,2011-03-27,2
2010-09-25,2010-09-25,1
2012-08-24,2012-08-24,1
2010-10-18,2010-10-18,1
2014-05-05,2014-05-05,1
2018-02-06,2018-02-06,1
2018-06-08,2018-06-08,10
2013-03-27,2013-03-27,3
2013-04-28,2013-04-28,1
2013-02-03,2013-02-03,1
2017-05-06,2017-05-06,1
2015-03-17,2015-03-17,3
2015-09-03,2015-09-03,1
2013-03-29,2013-03-29,1
2015-06-30,2015-06-30,3
2018-01-16,2018-01-16,1
2018-01-18,2018-01-18,1
2011-10-31,2011-10-31,1
2017-01-24,2017-01-24,1
2012-03-13,2012-04-01,2
2011-09-19,2011-09-19,1
2009-06-09,2009-06-09,1
2010-04-12,2010-04-12,1
2019-06-30,2019-06-30,2
2013-06-08,2013-06-08,3
2009-10-04,2009-10-04,1
2014-06-21,2014-06-21,3
2017-06-11,2017-06-11,1
2013-05-26,2013-05-26,2
2014-09-07,2014-09-07,30
2012-05-28,2012-05-28,6
2012-06-05,2012-06-05,2
2019-05-12,2019-05-12,21
2017-05-06,2017-05-06,1
2012-05-01,2012-05-01,2
2017-09-16,2017-09-16,2
2011-05-01,2011-05-01,2
2012-04-07,2012-04-07,1
2011-06-04,2011-06-04,1
2013-06-21,2013-06-21,3
2014-01-21,2014-01-21,2
2012-08-08,2012-08-08,3
2012-01-08,2012-01-08,1
2011-12-25,2011-12-25,2
2012-11-07,2012-11-07,1
2015-08-24,2015-08-24,8
2012-05-22,2012-05-22,1
2014-11-25,2014-11-25,1
2014-06-25,2014-06-25,1
2012-05-19,2012-05-19,2
2015-06-07,2015-06-07,1
2012-01-30,2012-01-30,1
2017-01-08,2017-01-08,1
2010-12-07,2010-12-07,1
2013-10-02,2013-10-02,1
2012-09-03,2012-09-03,2
2017-10-20,2017-10-20,1
2014-12-07,2014-12-07,4
2013-05-04,2013-05-04,1
2012-10-23,2012-10-23,14
2019-06-03,2019-06-03,2
2013-08-29,2013-08-29,2
2013-10-13,2013-10-13,1
2016-05-09,2016-05-09,1
2012-01-02,2012-01-02,2
2010-11-06,2010-11-06,2
2010-05-26,2010-05-26,1
2012-06-04,2012-06-04,2
2014-08-02,2014-08-02,10
2017-01-07,2017-01-07,2
2012-01-27,2012-01-27,1
2017-05-11,2017-05-11,2
2013-06-29,2014-12-24,2
2017-03-06,2017-03-06,4
2012-08-09,2012-08-09,1
2015-12-28,2015-12-28,2
2012-02-10,2012-02-10,1
2011-04-09,2011-04-09,1
2015-07-11,2015-07-11,1
2010-06-26,2010-06-26,1
2010-06-26,2010-06-26,1
2011-04-04,2011-04-04,3
2012-02-08,2012-02-08,2
2010-07-25,2010-07-25,1
2012-03-10,2012-03-10,8
2020-04-01,2020-04-01,13
2017-05-04,2017-05-04,2
2010-12-02,2010-12-02,2
2013-02-23,2013-02-23,2
2010-07-28,2010-07-28,2
2011-02-10,2011-02-10,1
2017-01-19,2017-01-19,3
2018-04-06,2018-04-06,1
2011-12-04,2011-12-04,1
2012-03-16,2012-03-16,1
2017-08-13,2017-08-13,1
2013-02-10,2013-02-10,1
2011-06-15,2011-06-15,1
2012-06-08,2012-06-08,1
2010-11-12,2010-11-12,16
2012-02-13,2012-02-13,1
2010-12-21,2010-12-21,4
2010-10-18,2010-10-18,2
2011-12-15,2011-12-15,1
2012-04-22,2012-04-22,1
2013-04-20,2013-04-20,4
2015-10-19,2015-10-19,1
2011-04-07,2011-04-07,1
2011-05-15,2011-05-15,1
2015-06-02,2015-06-02,2
2014-05-16,2014-05-16,7
2012-04-15,2012-04-15,2
2012-04-16,2012-04-16,1
2019-11-02,2019-11-03,3
2011-05-16,2011-05-16,3
2016-12-20,2016-12-20,2
2016-07-07,2016-07-07,3
2018-03-06,2018-03-06,1
2012-11-04,2012-11-04,2
2012-11-08,2012-11-08,2
2012-11-08,2012-11-08,2
2015-01-21,2015-01-21,3
2015-01-21,2015-01-21,1
2011-04-29,2011-04-29,1
2011-09-02,2011-09-02,3
2011-02-02,2011-02-02,1
2012-07-05,2012-07-05,55
2015-07-21,2015-07-21,3
2014-10-17,2014-10-17,9
2018-07-01,2018-07-01,12
2012-07-09,2012-07-09,2
2012-07-31,2012-07-31,75
2014-12-21,2014-12-21,2
2011-03-19,2011-03-19,4
2011-04-26,2011-04-26,2
2011-05-21,2011-05-21,1
2011-10-03,2011-10-03,1
2011-03-18,2011-03-18,1
2011-06-22,2011-06-22,1
2011-06-24,2011-06-24,2
2011-07-25,2011-07-25,1
2011-06-14,2011-06-14,1
2019-06-10,2019-06-10,2
2012-05-06,2012-05-06,4
2014-12-19,2014-12-19,1
2019-01-06,2019-01-06,1
2011-07-26,2011-07-26,1
2014-09-11,2014-09-11,4
2012-10-23,2012-10-23,1
2016-11-04,2016-11-04,1
2011-04-02,2011-04-02,1
2011-05-07,2011-05-07,3
2016-10-26,2016-10-26,19
2014-02-28,2014-02-28,2
2011-05-14,2011-05-14,1
2013-01-24,2013-01-24,4
2016-07-16,2016-07-16,1
2013-02-24,2013-02-24,1
2017-10-27,2017-10-27,1
2019-07-23,2019-07-23,2
2019-02-08,2019-02-08,2
2016-06-21,2016-06-21,2
2011-07-20,2011-07-20,7
2017-01-12,2017-01-12,1
2012-05-03,2012-05-03,1
2014-02-20,2014-02-21,3
2012-03-31,2012-03-31,3
2017-08-07,2017-08-07,4
2012-07-25,2012-07-25,3
2012-04-05,2012-04-05,1
2012-02-21,2012-02-21,1
2011-10-13,2011-10-13,1
2011-10-22,2011-10-22,1
2011-10-23,2011-10-23,11
2015-05-24,2015-05-24,2
2015-10-05,2015-10-05,1
2017-10-07,2017-10-07,3
2017-09-15,2017-09-15,2
2017-09-15,2017-09-15,1
2017-11-18,2017-11-18,1
2017-05-29,2017-05-29,4
2012-06-21,2012-06-21,1
2018-02-11,2018-02-11,5
2014-12-31,2014-12-31,1
2014-12-11,2014-12-11,1
2014-01-01,2014-01-01,2
2012-04-14,2012-04-14,5
2018-07-28,2018-07-28,2
2016-01-08,2016-01-08,4
2013-01-05,2013-01-05,1
2019-07-20,2019-07-20,4
2012-01-17,2012-01-17,2
2012-07-16,2012-07-16,1
2012-01-06,2012-01-06,1
2012-03-14,2012-03-14,1
2017-08-21,2017-08-21,2
2012-02-27,2012-02-27,5
2015-06-14,2015-06-14,3
2012-08-28,2012-08-28,1
2014-04-10,2014-04-10,1
2012-03-01,2012-03-01,1
2016-02-01,2016-02-01,2
2016-04-19,2016-04-19,1
2012-02-29,2012-02-29,3
2019-04-23,2019-04-23,2
2012-05-06,2012-05-06,2
2010-01-22,2010-01-23,7
2019-09-04,2019-09-12,14
2013-01-07,2013-01-07,3
2012-12-07,2012-12-07,1
2012-06-24,2012-06-24,1
2015-03-25,2015-03-25,1
2013-02-03,2013-02-03,4
2013-02-10,2013-02-10,3
2019-03-15,2019-03-15,1
2012-04-19,2012-04-19,1
2015-12-05,2015-12-05,2
2018-11-30,2018-11-30,1
2012-05-15,2012-05-15,1
2014-08-03,2014-08-03,2
2012-10-08,2012-10-08,1
2014-01-11,2014-01-11,2
2012-12-28,2012-12-28,1
2012-07-30,2012-07-30,1
2015-08-27,2015-08-27,3
2012-08-20,2012-08-20,1
2013-10-24,2013-10-24,1
2014-01-08,2014-01-09,2
2013-06-14,2013-06-14,3
2014-12-04,2014-12-04,1
2018-05-23,2018-05-23,1
2013-01-12,2013-01-12,1
2013-07-12,2013-07-12,1
2018-01-31,2018-01-31,1
2012-09-04,2012-09-04,1
2014-12-20,2014-12-20,1
2014-10-18,2014-10-18,1
2016-02-04,2016-02-04,13
2013-01-13,2013-01-13,1
2018-03-18,2018-03-18,4
2018-03-29,2018-03-29,2
2013-07-18,2013-07-18,3
2017-02-18,2017-02-18,5
2013-11-23,2013-11-23,1
2019-10-31,2019-10-31,1
2019-01-25,2019-01-25,2
2015-05-20,2015-05-20,2
2018-05-10,2018-05-10,1
2013-11-28,2013-11-28,1
2012-10-22,2012-10-22,1
2012-12-01,2012-12-01,2
2017-04-13,2017-04-13,1
2015-08-26,2015-08-26,3
2018-07-02,2018-07-02,1
2015-08-29,2015-08-29,1
2015-07-20,2015-07-20,2
2016-07-31,2016-07-31,1
2019-05-28,2019-05-28,1
2019-09-06,2019-09-06,1
2012-12-01,2012-12-01,2
2013-06-14,2013-06-14,1
2015-01-12,2015-01-12,2
2013-01-28,2013-01-28,1
2013-02-10,2013-02-10,1
2013-08-20,2013-08-20,1
2013-03-20,2013-03-20,4
2015-10-17,2015-10-17,2
2013-03-06,2013-03-06,2
2018-04-28,2018-04-28,1
2013-11-15,2013-11-15,2
2013-06-16,2013-06-16,1
2014-04-06,2014-04-06,6
2013-05-07,2013-05-07,1
2015-11-17,2015-11-17,2
2013-07-10,2013-07-10,2
2016-05-28,2016-05-28,1
2015-09-13,2015-09-13,2
2013-05-11,2013-05-11,1
2015-03-23,2015-03-23,1
2018-08-21,2018-08-21,1
2014-06-10,2014-06-10,1
2013-06-05,2013-06-05,1
2019-04-16,2019-04-16,1
2019-09-25,2019-09-25,1
2015-07-29,2015-07-29,1
2013-10-04,2013-10-04,1
2019-09-04,2019-09-04,1
2016-02-21,2016-02-21,2
2013-07-09,2013-07-09,1
2015-02-21,2015-02-21,1
2017-12-26,2017-12-26,3
2013-09-11,2013-09-11,1
2013-07-23,2014-05-16,7
2014-05-19,2014-05-19,1
2014-05-19,2014-05-19,1
2014-05-20,2014-05-20,1
2014-12-26,2014-12-26,1
2013-07-19,2013-07-19,1
2017-06-11,2017-06-11,1
2018-06-28,2018-06-28,4
2018-07-29,2018-07-29,5
2013-12-14,2013-12-14,1
2015-08-26,2015-08-26,5
2014-02-14,2014-02-14,1
2014-04-19,2014-04-19,1
2014-05-09,2014-05-09,1
2013-12-28,2013-12-28,1
2014-04-26,2014-04-26,8
2015-07-12,2015-07-12,4
2015-09-11,2015-09-11,1
2016-08-30,2016-08-30,1
2014-02-27,2014-02-27,1
2017-08-30,2017-08-30,2
2014-02-10,2014-02-10,2
2012-09-23,2012-09-23,1
2015-04-21,2015-04-21,1
2015-09-01,2015-09-01,2
2014-04-30,2014-04-30,7
2014-02-27,2014-02-27,1
2014-04-18,2014-04-18,1
2014-09-26,2014-09-26,1
2014-06-16,2014-06-16,5
2014-06-28,2014-06-28,1
2014-06-18,2014-06-18,2
2018-04-04,2018-04-04,7
2014-08-15,2014-08-18,25
2015-08-24,2015-08-24,8
2015-10-29,2015-10-29,3
2014-05-15,2014-05-15,1
2014-05-27,2014-05-27,1
2014-06-09,2014-06-09,1
2017-04-19,2017-04-19,1
2016-04-18,2016-04-18,1
2015-11-22,2015-11-22,3
2014-10-13,2014-10-13,2
2016-10-06,2016-10-06,1
2014-11-23,2014-11-23,1
2016-03-24,2016-03-24,1
2016-03-16,2016-03-16,1
2016-06-16,2016-06-16,4
2014-11-25,2014-11-25,1
2016-04-04,2016-04-04,6
2015-09-22,2015-09-22,6
2015-08-05,2015-08-05,2
2019-04-06,2019-04-06,3
2016-05-14,2016-05-14,1
2017-05-17,2017-05-17,2
2019-08-04,2019-08-04,1
2016-06-27,2016-06-27,5
2015-09-06,2015-09-06,1
2015-10-05,2015-10-05,1
2015-06-11,2015-06-11,2
2016-10-13,2016-10-13,1
2017-12-30,2017-12-30,1
2015-04-28,2015-04-28,2
2014-10-31,2014-10-31,1
2014-11-13,2014-11-13,1
2015-01-24,2015-01-24,1
2017-06-14,2017-06-14,2
2017-10-09,2017-10-09,2
2017-10-02,2017-10-02,3
2016-01-07,2016-01-07,2
2018-08-18,2018-08-18,5
2017-03-12,2017-03-12,1
2015-09-23,2015-09-24,18
2017-10-29,2017-10-29,3
2015-09-13,2015-09-13,18
2015-09-02,2015-09-02,1
2015-09-16,2015-09-16,1
2017-04-19,2017-04-19,4
2016-10-16,2016-10-16,1
2016-06-27,2016-07-02,74
2019-09-25,2019-09-25,1
2018-10-05,2018-10-05,4
2017-03-09,2017-03-09,1
2016-05-13,2016-05-13,1
2016-08-26,2016-08-26,1
2016-01-03,2016-01-03,1
2017-09-26,2017-09-26,4
2016-01-24,2016-01-24,3
2018-04-24,2018-04-24,1
2017-01-23,2017-01-23,3
2017-08-04,2017-08-04,1
2016-07-16,2016-07-16,1
2017-02-13,2017-02-13,1
2017-01-24,2017-01-24,1
2016-08-24,2016-08-24,2
2016-09-02,2016-09-02,6
2017-02-03,2017-02-03,7
2017-02-27,2017-02-27,2
2019-05-27,2019-05-27,1
2019-10-28,2019-10-28,1
2017-03-21,2017-03-21,1
2017-07-27,2017-07-27,1
2017-03-02,2017-03-02,1
2018-11-10,2018-11-10,2
2017-05-02,2017-05-02,1
2017-09-30,2017-09-30,1
2018-11-09,2018-11-09,2
2017-06-14,2017-06-14,1
2017-11-30,2017-11-30,1
2017-10-25,2017-10-25,2
2017-06-30,2017-06-30,1
2017-07-05,2017-07-05,1
2019-02-26,2019-02-26,1
2018-03-13,2018-03-13,1
2018-09-06,2018-09-06,1
2018-09-27,2018-09-27,1
2019-07-16,2019-07-16,1
2019-07-18,2019-07-18,1
2019-12-10,2019-12-10,6
2019-11-23,2019-11-23,1
2018-01-22,2018-01-22,2
